-- MariaDB dump 10.19  Distrib 10.4.28-MariaDB, for osx10.10 (x86_64)
--
-- Host: 127.0.0.1    Database: umkmdb
-- ------------------------------------------------------
-- Server version	10.4.28-MariaDB

/*!40101 SET @OLD_CHARACTER_SET_CLIENT=@@CHARACTER_SET_CLIENT */;
/*!40101 SET @OLD_CHARACTER_SET_RESULTS=@@CHARACTER_SET_RESULTS */;
/*!40101 SET @OLD_COLLATION_CONNECTION=@@COLLATION_CONNECTION */;
/*!40101 SET NAMES utf8mb4 */;
/*!40103 SET @OLD_TIME_ZONE=@@TIME_ZONE */;
/*!40103 SET TIME_ZONE='+00:00' */;
/*!40014 SET @OLD_UNIQUE_CHECKS=@@UNIQUE_CHECKS, UNIQUE_CHECKS=0 */;
/*!40014 SET @OLD_FOREIGN_KEY_CHECKS=@@FOREIGN_KEY_CHECKS, FOREIGN_KEY_CHECKS=0 */;
/*!40101 SET @OLD_SQL_MODE=@@SQL_MODE, SQL_MODE='NO_AUTO_VALUE_ON_ZERO' */;
/*!40111 SET @OLD_SQL_NOTES=@@SQL_NOTES, SQL_NOTES=0 */;

--
-- Table structure for table `admin`
--

DROP TABLE IF EXISTS `admin`;
/*!40101 SET @saved_cs_client     = @@character_set_client */;
/*!40101 SET character_set_client = utf8 */;
CREATE TABLE `admin` (
  `id` int(11) NOT NULL AUTO_INCREMENT,
  `nama_user` varchar(255) DEFAULT NULL,
  `username` varchar(50) NOT NULL,
  `password` varchar(300) NOT NULL,
  `role` varchar(255) DEFAULT NULL,
  PRIMARY KEY (`id`)
) ENGINE=InnoDB AUTO_INCREMENT=10 DEFAULT CHARSET=utf8mb4 COLLATE=utf8mb4_general_ci;
/*!40101 SET character_set_client = @saved_cs_client */;

--
-- Dumping data for table `admin`
--

LOCK TABLES `admin` WRITE;
/*!40000 ALTER TABLE `admin` DISABLE KEYS */;
INSERT INTO `admin` (`id`, `nama_user`, `username`, `password`, `role`) VALUES (1,'Owner App','owner','5f4dcc3b5aa765d61d8327deb882cf99','OWNER'),(9,'Admin Penjualan','admin','5f4dcc3b5aa765d61d8327deb882cf99','ADMIN');
/*!40000 ALTER TABLE `admin` ENABLE KEYS */;
UNLOCK TABLES;

--
-- Table structure for table `barang`
--

DROP TABLE IF EXISTS `barang`;
/*!40101 SET @saved_cs_client     = @@character_set_client */;
/*!40101 SET character_set_client = utf8 */;
CREATE TABLE `barang` (
  `id` bigint(20) NOT NULL AUTO_INCREMENT,
  `kode` varchar(255) DEFAULT NULL,
  `nama` varchar(255) DEFAULT NULL,
  `harga_jual` decimal(16,2) DEFAULT NULL,
  `kategori` varchar(255) DEFAULT NULL,
  `satuan_barang` varchar(255) DEFAULT NULL,
  PRIMARY KEY (`id`),
  UNIQUE KEY `barang_pk` (`kode`,`nama`)
) ENGINE=InnoDB AUTO_INCREMENT=247 DEFAULT CHARSET=utf8mb4 COLLATE=utf8mb4_general_ci;
/*!40101 SET character_set_client = @saved_cs_client */;

--
-- Dumping data for table `barang`
--

LOCK TABLES `barang` WRITE;
/*!40000 ALTER TABLE `barang` DISABLE KEYS */;
INSERT INTO `barang` (`id`, `kode`, `nama`, `harga_jual`, `kategori`, `satuan_barang`) VALUES (1,'P1','Ceker Ayam Murah. Siap Kirim Pakai Go-Jek',25.00,'Ayam','Pcs'),(2,'P2','PARU SAPI (PARU SAPI MENTAH) KEMASAN 1KG KUALITAS PREMIUM',72.00,'Sapi','Pcs'),(3,'P3','Ayam Karkas / Potong Broiler Ukuran 0.9 - 1.0, Bisa kirim via Go-jek',37.90,'Ayam','Pcs'),(4,'P4','DAGING TENDERLOIN HAS DALAM HARGA TERJANGKAU & BERKUALITAS SIAP KIRIM JABODETABEK',149.90,'Sapi','Pcs'),(5,'P5','DADA AYAM FILLET / BONELESS DADA HARGA TERJANGKAU & BERKUALITAS SIAP KIRIM JABODETABEK',48.90,'Ayam','Pcs'),(6,'P6','Boneless Paha Ayam Giling. Dijamin Halal dan Berkualitas.',24.00,'Ayam','Pcs'),(7,'P7','Daging Sapi Giling Kemasan 250gr, Ground Beef Kualitas Premium',28.00,'Sapi','Pcs'),(8,'P8','Ayam Karkas / Potong Broiler Ukuran 0.9 - 1.0, Bisa kirim via Go-jek',35.90,'Ayam','Pcs'),(9,'P9','DADA SLICE/DADA IRIS/DADA AYAM IRIS/DADA AYAM IRIS 250GR',12.50,'Ayam','Pcs'),(10,'P10','SAYAP AYAM / CHICKEN WINGS HARGA TERJANGKAU & BERKUALITAS SIAP KIRIM BEKASI JAKARTA DEPOK BOGOR',36.90,'Ayam','Pcs'),(11,'P11','DAGING SAPI SLICE US YOSHINOYA / SHABU SLICED BEEF PACK 500GR PREMIUM QUALITY',100.00,'Sapi','Pcs'),(12,'P12','IKAN SALMON FILLET / NORWEGIAN FRESH SALMON PREMIUM QUALITY 180-210 GRAM',64.50,'Ikan','Pcs'),(13,'P13','AYAM POTONG 9 ALA FRIED CHICKEN SIAP KIRIM JABODETABEK',39.90,'Ayam','Pcs'),(14,'P14','Daging Sapi Slice Kemasan 500gr Kualitas Premium Untuk Teriyaki & Yakiniku',66.00,'Sapi','Pcs'),(15,'P15','Paru Sapi Slice / Iris Kemasan 500gr Kualitas Premium',39.00,'Sapi','Pcs'),(16,'P16','Kulit Ayam Broiler Kualitas Premium. Bisa kirim via Go-jek.',35.00,'Ayam','Pcs'),(17,'P17','Boneless Paha Ayam Giling. Dijamin Halal dan Berkualitas.',46.90,'Ayam','Pcs'),(18,'P18','DADA AYAM FILLET / BONELESS DADA KEMASAN 500GR HARGA TERJANGKAU & BERKUALITAS SIAP KIRIM JABODETABEK',24.90,'Ayam','Pcs'),(19,'P19','DAGING TENDERLOIN HAS DALAM 500Gr HARGA TERJANGKAU & BERKUALITAS SIAP KIRIM JABODETABEK',73.90,'Sapi','Pcs'),(20,'P20','PAHA AYAM FILLET / BONELESS PAHA HARGA TERJANGKAU & BERKUALITAS SIAP KIRIM JABODETABEK',45.90,'Ayam','Pcs'),(21,'P21','DAGING RENDANG POTONGAN HARGA TERJANGKAU & BERKUALITAS SIAP KIRIM JABODETABEK',132.00,'Sapi','Pcs'),(22,'P22','Ayam Karkas / Potong Broiler Ukuran 0.7 - 0.8, Bisa kirim via Go-jek',31.90,'Ayam','Pcs'),(23,'P23','DAGING SAPI SLICE US YOSHINOYA / SHABU SLICE BEEF PACK 1KG PREMIUM QUALITY',198.00,'Sapi','Pcs'),(24,'P24','LEZZA NUGGET STICK KEMASAN PREMIUM HIGH QUALITY',31.90,'Olahan','Pcs'),(25,'P25','KENTANG GORENG BEKU SHOESTRING AVICO KEMASAN 1KG REPACK FRENCH FRIES',13.90,'Olahan','Pcs'),(26,'P26','Daging Sapi Giling Kemasan 500gr, Ground Beef Kualitas Premium.',54.00,'Sapi','Pcs'),(27,'P27','PAK DEN FISH TOFU / KUE IKAN KUKUS TOFU (TAHU)  KUALITAS PREMIUM',24.90,'Olahan','Pcs'),(28,'P28','PAHA AYAM FILLET / BONELESS PAHA KEMASAN 500GR HARGA TERJANGKAU & BERKUALITAS SIAP KIRIM JABODETABEK',23.50,'Ayam','Pcs'),(29,'P29','PAK DEN OTAK OTAK IKAN KEMASAN PREMIUM',23.00,'Olahan','Pcs'),(30,'P30','SAYAP AYAM / CHICKEN WINGS KEMASAN 500GRAM HARGA TERJANGKAU & BERKUALITAS SIAP KIRIM',19.50,'Ayam','Pcs'),(31,'P31','Vegetable Mix 4 Way Kemasan 1kg Repack Sayuran Frozen 4 Jenis',25.50,'Olahan','Pcs'),(32,'P32','Daging Sapi Slice Tipis Kemasan 250gr. Untuk Teriyaki & Yakiniku',34.00,'Sapi','Pcs'),(33,'P33','Vegetable Mix 4 Way Kemasan 1kg Repack Sayuran Frozen 4 Jenis',7.50,'Olahan','Pcs'),(34,'P34','Saus Teriyaki / Teriyaki Sauce Kemasan 500gr Kualitas Premium Restoran',23.80,'Olahan','Pcs'),(35,'P35','Daging Sapi Sengkel Kemasan 500gr Import Australia Kualitas Premium',55.90,'Sapi','Pcs'),(36,'P36','Saus Yakiniku / Yakiniku Sauce Kemasan 500gr Kualitas Premium Restoran',27.80,'Olahan','Pcs'),(37,'P37','LEZZA CHICKEN POK POK KEMASAN PREMIUM HIGH QUALITY',38.20,'Olahan','Pcs'),(38,'P38','DAGING SAPI SLICE TIPIS KUALITAS PREMIUM UNTUK TERIYAKI & YAKINIKU',130.00,'Sapi','Pcs'),(39,'P39','Cumi Tube & Cumi Ring Seafood Murah Berkualitas. Kirim Via Go-Send',65.00,'Ikan','Pcs'),(40,'P40','Udang Kupas / Peeled Shrimp Kualitas Premium Kemasan 500gr',51.00,'Ikan','Pcs'),(41,'P41','DAGING RENDANG POTONGAN 500Gr HARGA TERJANGKAU & BERKUALITAS SIAP KIRIM JABODETABEK',65.00,'Sapi','Pcs'),(42,'P42','Daging Sapi Tanjung untuk Rawon Kemasan 500gr Berkualitas Import',52.00,'Sapi','Pcs'),(43,'P43','Daging Sop Tulang Iga Kemasan 500gr Import Australia Kualitas Premium',35.00,'Sapi','Pcs'),(44,'P44','PAHA PENTUNG / PAHA UPIN IPIN / DRUMSTIK HARGA TERJANGKAU & BERKUALITAS SIAP KIRIM JABODETABEK',42.90,'Ayam','Pcs'),(45,'P45','PAHA UTUH / PAHA PISTOL PREMIUM QUALITY HARGA MURAH',40.90,'Ayam','Pcs'),(46,'P46','Nugget Shrimp Roll Isi 15 Pcs per Pack. Kualitas Restoran Premium',28.00,'Olahan','Pcs'),(47,'P47','Ati Hati Sapi Liver Import Kualitas Premium. Dari Australia',45.00,'Sapi','Pcs'),(48,'P48','DAGING SIRLOIN HAS LUAR 500Gr HARGA TERJANGKAU & BERKUALITAS SIAP KIRIM JABODETABEK',65.00,'Sapi','Pcs'),(49,'P49','IKAN DORI / IKAN DORY FILLET (FILLET DORI) SIAP KIRIM JABODETABEK',49.90,'Ikan','Pcs'),(50,'P50','SOSIS MINI CHICKO / SOSIS CHICKO KEMASAN 500 GRAM ISI 10 PCS',38.00,'Olahan','Pcs'),(51,'P51','DAGING SAPI GILING / GROUND BEEF KEMASAN 1KG',104.90,'Sapi','Pcs'),(52,'P52','KENTANG GORENG BEKU SHOESTRING AVICO KEMASAN 1KG REPACK FRENCH FRIES',25.50,'Olahan','Pcs'),(53,'P53','DAGING TENDERLOIN HAS DALAM HARGA TERJANGKAU & BERKUALITAS SIAP KIRIM JABODETABEK',154.90,'Ayam','Pcs'),(54,'P54','AYAM KREMES / AYAM UNGKEP / AYAM GORENG BERBUMBU KUNING + SAMBAL MAKNYUS LEZAT BERKUALITAS',49.00,'Olahan','Pcs'),(55,'P55','Egg Roll Isi 3 Pcs per Pack. Kualitas Restoran Premium',22.00,'Olahan','Pcs'),(56,'P56','Daging Sapi Topside Kemasan 500gr Import Australia. Kualitas Premium',63.00,'Sapi','Pcs'),(57,'P57','Ayam Karkas / Potong Broiler Ukuran 0.6, Bisa kirim via Go-jek',25.90,'Ayam','Pcs'),(58,'P58','DAGING SIRLOIN HAS LUAR HARGA TERJANGKAU & BERKUALITAS SIAP KIRIM JABODETABEK',119.90,'Sapi','Pcs'),(59,'P59','Boneles Dada Ayam Giling. Dijamin Halal dan Berkualitas.',49.90,'Ayam','Pcs'),(60,'P60','IKAN TUNA FILLET STEAK (FILLET SUSHI) KEMASAN VACUM PACK 500GR PREMIUM QUALITY',46.00,'Ikan','Pcs'),(61,'P61','Boneles Dada Ayam Giling. Dijamin Halal dan Berkualitas.',25.90,'Ayam','Pcs'),(62,'P62','Nugget Kaki Naga Isi 15 Pcs per Pack Kualitas Restoran Premium',28.00,'Olahan','Pcs'),(63,'P63','Paru Sapi Mentah Kemasan 500gr Import Australia Kualitas Premium.',37.00,'Sapi','Pcs'),(64,'P64','DAGING TENDERLOIN HAS DALAM 500Gr HARGA TERJANGKAU & BERKUALITAS SIAP KIRIM JABODETABEK',77.00,'Sapi','Pcs'),(65,'P65','IKAN TUNA FILLET STEAK (FILLET SUSHI) KEMASAN VACUM PACK 1KG PREMIUM QUALITY',90.00,'Ikan','Pcs'),(66,'P66','Ayam Karkas / Potong Broiler Ukuran 1.1 - 1.2 Kg. Bisa kirim via Go-jek',39.90,'Ayam','Pcs'),(67,'P67','Paket 1 Porsi Dimsum Homemade isi 4 Pcs Rasa Maknyus!',12.50,'Olahan','Pcs'),(68,'P68','Cumi Tube & Cumi Ring Seafood Murah Berkualitas. Kirim Via Go-Send',70.00,'Ikan','Pcs'),(69,'P69','SAUS MAYO / MAYONES / SALAD KEMASAN EKONOMIS 180Gr',9.50,'Olahan','Pcs'),(70,'P70','DAGING SAPI SLICE US YOSHINOYA / SHABU SLICED BEEF KEMASAN 250GR PREMIUM QUALITY',50.00,'Sapi','Pcs'),(71,'P71','Ayam Karkas / Potong Broiler Ukuran 0.7 - 0.8, Bisa kirim via Go-jek',29.90,'Ayam','Pcs'),(72,'P72','DAGING SAPI TANJUNG UNTUK RAWON / MASAKAN PADANG BERKUALITAS BAGUS',99.90,'Sapi','Pcs'),(73,'P73','Iga Sapi Short Ribs Kemasan 500gr Import Australia. Kualitas Premium.',67.50,'Sapi','Pcs'),(74,'P74','Dimsum Homemade Aneka Rasa, Dijamin Sehat Tanpa MSG',3.25,'Olahan','Pcs'),(75,'P75','SAUS PEDAS MANIS / SWEET CHILI SAUCE KEMASAN 500GRAM PREMIUM QUALITY',28.00,'Olahan','Pcs'),(76,'P76','Daging Sapi Sengkel (Shank) Import Australia. Kualitas Premium',139.90,'Sapi','Pcs'),(77,'P77','Daging Sop Tulang Iga / Ribs Sapi Import Australia Kualitas Premium',56.00,'Sapi','Pcs'),(78,'P78','Iga Sapi Short Ribs Import Australia. Kualitas Premium.',133.00,'Sapi','Pcs'),(79,'P79','Paru Sapi Slice / Iris Kemasan 250gr Kualitas Premium.',20.00,'Sapi','Pcs'),(80,'P80','Saus Lada Hitam / Blackpepper Sauce Kemasan 500gr Kualitas Premium',33.90,'Olahan','Pcs'),(81,'P81','Vegetable Mix 4 Way Kemasan 1kg Repack Sayuran Frozen 4 Jenis',13.90,'Olahan','Pcs'),(82,'P82','TAHU BAKSO LE\' MAN LEZAT MANTAP KEMASAN VACUM ISI 10PCS PER PACK',16.90,'Olahan','Pcs'),(83,'P83','DAGING SIRLOIN HAS LUAR HARGA TERJANGKAU & BERKUALITAS SIAP KIRIM JABODETABEK',121.90,'Sapi','Pcs'),(84,'P84','DAGING RENDANG POTONGAN 250Gr HARGA TERJANGKAU & BERKUALITAS SIAP KIRIM JABODETABEK',38.00,'Sapi','Pcs'),(85,'P85','DAGING TENDERLOIN HAS DALAM HARGA TERJANGKAU & BERKUALITAS SIAP KIRIM JABODETABEK',152.90,'Sapi','Pcs'),(86,'P86','Ayam Karkas / Potong Broiler Ukuran 0.6, Bisa kirim via Go-jek',27.90,'Ayam','Pcs'),(87,'P87','Ayam Karkas / Potong Broiler Ukuran 1.1 - 1.2 Kg. Bisa kirim via Go-jek',41.90,'Ayam','Pcs'),(88,'P88','Serbuk Daging Sisa Potongan, Cocok Untuk Umpan, Pakan Ikan dan Hewan Peliharaan',35.00,'Sapi','Pcs'),(89,'P89','GIZIPLUS ROW FISH ROLL / GOLDEN FISH ROLL KUALITAS PREMIUM',32.00,'Olahan','Pcs'),(90,'P90','LEZZA CHICKEN STRIPS KEMASAN PREMIUM HIGH QUALITY',43.00,'Olahan','Pcs'),(91,'P91','SPICY CHICKEN WINGS / SAYAP AYAM PEDAS BERBUMBU RASA SANGAT LEZAT',39.00,'Olahan','Pcs'),(92,'P92','Chicken Katsu Isi 7 Pcs per Pack Kualitas Restoran Premium',31.00,'Olahan','Pcs'),(93,'P93','DAGING GANDIK IRIS UNTUK DENDENG / DAGING DENDENG / KUALITAS TERJAMIN',160.00,'Sapi','Pcs'),(94,'P94','Daging Sapi Gandik Import. Kualitas Premium.',149.00,'Sapi','Pcs'),(95,'P95','LEZZA CHICKEN NUGGET KEMASAN PREMIUM HIGH QUALITY',31.90,'Olahan','Pcs'),(96,'P96','PARU SAPI SLICE / IRIS KEMASAN 1KG KUALITAS PREMIUM',76.00,'Sapi','Pcs'),(97,'P97','KARAGE CHICKEN FRIED / AYAM KARAGE KEMASAN 350 GRAM',25.00,'Olahan','Pcs'),(98,'P98','Kaki Naga Isi 15 Pcs per Pack',28.00,'Olahan','Pcs'),(99,'P99','DADA SLICE/DADA IRIS/DADA AYAM IRIS/DADA AYAM IRIS 250GR',13.90,'Ayam','Pcs'),(100,'P100','CORDON BLEU / GORDON BLEU / KATSU ISI SMOKEDBEEF ISI 3 PCS',39.90,'Olahan','Pcs'),(101,'P101','Nugget Ebi Furai Isi 8 Pcs per Pack. Kualitas Restoran Premium',34.90,'Olahan','Pcs'),(102,'P102','PAHA AYAM FILLET / BONELESS PAHA HARGA TERJANGKAU & BERKUALITAS SIAP KIRIM JABODETABEK',47.40,'Ayam','Pcs'),(103,'P103','DADA AYAM FILLET / BONELESS DADA HARGA TERJANGKAU & BERKUALITAS SIAP KIRIM JABODETABEK',50.70,'Ayam','Pcs'),(104,'P104','Ayam Karkas / Potong Broiler Ukuran 0.9 - 1.0, Bisa kirim via Go-jek',38.40,'Ayam','Pcs'),(105,'P105','Boneless Paha Ayam Giling. Dijamin Halal dan Berkualitas.',49.40,'Ayam','Pcs'),(106,'P106','DADA AYAM FILLET / BONELESS DADA KEMASAN 500GR HARGA TERJANGKAU & BERKUALITAS SIAP KIRIM JABODETABEK',26.50,'Ayam','Pcs'),(107,'P107','PAHA AYAM FILLET / BONELESS PAHA KEMASAN 500GR HARGA TERJANGKAU & BERKUALITAS SIAP KIRIM JABODETABEK',24.30,'Ayam','Pcs'),(108,'P108','Boneles Dada Ayam Giling. Dijamin Halal dan Berkualitas.',27.00,'Ayam','Pcs'),(109,'P109','Ayam Karkas / Potong Broiler Ukuran 0.9 - 1.0, Bisa kirim via Go-jek',39.90,'Ayam','Pcs'),(110,'P110','DADA AYAM FILLET / BONELESS DADA HARGA TERJANGKAU & BERKUALITAS SIAP KIRIM JABODETABEK',55.90,'Ayam','Pcs'),(111,'P111','Ayam Karkas / Potong Broiler Ukuran 1.1 - 1.2 Kg. Bisa kirim via Go-jek',43.90,'Ayam','Pcs'),(112,'P112','Boneles Dada Ayam Giling. Dijamin Halal dan Berkualitas.',57.90,'Ayam','Pcs'),(113,'P113','PAHA UTUH / PAHA PISTOL PREMIUM QUALITY HARGA MURAH',41.30,'Ayam','Pcs'),(114,'P114','PAHA AYAM FILLET / BONELESS PAHA KEMASAN 500GR HARGA TERJANGKAU & BERKUALITAS SIAP KIRIM JABODETABEK',27.50,'Ayam','Pcs'),(115,'P115','Bebek Peking Ukuran 1.0 - 1.1 Kualitas Mantap. Import Malaysia.',52.90,'Ayam','Pcs'),(116,'P116','DADA SLICE/DADA IRIS/DADA AYAM IRIS/DADA AYAM IRIS 250GR',14.50,'Ayam','Pcs'),(117,'P117','DAGING TENDERLOIN HAS DALAM HARGA TERJANGKAU & BERKUALITAS SIAP KIRIM JABODETABEK',145.70,'Sapi','Pcs'),(118,'P118','DAGING TENDERLOIN HAS DALAM HARGA TERJANGKAU & BERKUALITAS SIAP KIRIM JABODETABEK',147.90,'Sapi','Pcs'),(119,'P119','DADA AYAM FILLET / BONELESS DADA KEMASAN 500GR HARGA TERJANGKAU & BERKUALITAS SIAP KIRIM JABODETABEK',29.00,'Ayam','Pcs'),(120,'P120','PAHA AYAM FILLET / BONELESS PAHA HARGA TERJANGKAU & BERKUALITAS SIAP KIRIM JABODETABEK',52.90,'Ayam','Pcs'),(121,'P121','Boneless Paha Ayam Giling. Dijamin Halal dan Berkualitas.',54.90,'Ayam','Pcs'),(122,'P122','Udang Kupas / Peeled Shrimp Kualitas Premium Kemasan 1kg',99.90,'Ikan','Pcs'),(123,'P123','SAUS TELOR ASIN / SALTED EGG SAUCE KEMASAN 500GRAM PREMIUM QUALITY',38.90,'Olahan','Pcs'),(124,'P124','DAGING TENDERLOIN HAS DALAM 500Gr HARGA TERJANGKAU & BERKUALITAS SIAP KIRIM JABODETABEK',74.50,'Sapi','Pcs'),(125,'P125','Nugget Hot Shrimp Roll Isi 15 Pcs per Pack. Kualitas Restoran Premium',24.90,'Olahan','Pcs'),(126,'P126','EGG BALL / SOMAY ISI TELUR PUYUH 8 PCS PER KEMASAN LEZAT',26.90,'Olahan','Pcs'),(127,'P127','Boneles Dada Ayam Giling. Dijamin Halal dan Berkualitas.',29.50,'Ayam','Pcs'),(128,'P128','BUMBU BAMBOE / ANEKA BUMBU MASAKAN / KEMASAN EKONOMIS',5.50,'Olahan','Pcs'),(129,'P129','Ikan Kakap Fillet Steak (Fillet Sushi) Kemasan 500gr Premium Quality',46.00,'Ikan','Pcs'),(130,'P130','Ayam Karkas / Potong Broiler Ukuran 0.6, Bisa kirim via Go-jek',30.90,'Ayam','Pcs'),(131,'P131','Bebek Peking Ukuran 1.0 - 1.1 Kualitas Mantap. Import Malaysia.',51.90,'Ayam','Pcs'),(132,'P132','Boneless Paha Ayam Giling. Dijamin Halal dan Berkualitas.',28.50,'Ayam','Pcs'),(133,'P133','Buntut Sapi Oxtail Australia AUS Murah Berkualitas',127.90,'Sapi','Pcs'),(134,'P134','Daging Sop Tulang Iga / Ribs Sapi Import Australia Kualitas Premium',47.00,'Sapi','Pcs'),(135,'P135','SPICY CHICKEN WINGS / SAYAP AYAM PEDAS BERBUMBU RASA SANGAT LEZAT',35.50,'Olahan','Pcs'),(136,'P136','IGA GONDRONG KUALITAS PREMIUM/DAGING TEBAL UNTUK SOP/SOP DAGING IGA',42.90,'Sapi','Pcs'),(137,'P137','DAGING GANDIK IRIS UNTUK DENDENG / DAGING DENDENG / KUALITAS TERJAMIN',82.00,'Sapi','Pcs'),(138,'P138','DAGING SAPI TOPSIDE (HAS LUAR) IMPORT AUSTRALIA KUALITAS PREMIUM',125.00,'Sapi','Pcs'),(139,'P139','GIZIPLUS VEGIE FISH CAKE / KUE IKAN KUKUS KUALITAS PREMIUM',15.50,'Olahan','Pcs'),(140,'P140','SAYAP AYAM / CHICKEN WINGS HARGA TERJANGKAU & BERKUALITAS SIAP KIRIM BEKASI JAKARTA DEPOK BOGOR',37.90,'Ayam','Pcs'),(141,'P141','IGA GONDRONG KUALITAS GRADE B/UNTUK SOP/SOP DAGING IGA/TULANG IGA',31.50,'Sapi','Pcs'),(142,'P142','DAGING TENDERLOIN HAS DALAM HARGA TERJANGKAU & BERKUALITAS SIAP KIRIM JABODETABEK',147.70,'Sapi','Pcs'),(143,'P143','DAGING TENDERLOIN HAS DALAM 500Gr HARGA TERJANGKAU & BERKUALITAS SIAP KIRIM JABODETABEK',75.50,'Sapi','Pcs'),(144,'P144','GIZIPLUS BAKSO IKAN LOBSTER / LOBSTER FLAVOUR FISH BALL KUALITAS PREMIUM\r\n',19.90,'Olahan','Pcs');
/*!40000 ALTER TABLE `barang` ENABLE KEYS */;
UNLOCK TABLES;

--
-- Temporary table structure for view `inventory`
--

DROP TABLE IF EXISTS `inventory`;
/*!50001 DROP VIEW IF EXISTS `inventory`*/;
SET @saved_cs_client     = @@character_set_client;
SET character_set_client = utf8;
/*!50001 CREATE VIEW `inventory` AS SELECT
 1 AS `barang_id`,
  1 AS `barang_masuk`,
  1 AS `barang_terjual`,
  1 AS `barang_tersedia` */;
SET character_set_client = @saved_cs_client;

--
-- Table structure for table `pelanggan`
--

DROP TABLE IF EXISTS `pelanggan`;
/*!40101 SET @saved_cs_client     = @@character_set_client */;
/*!40101 SET character_set_client = utf8 */;
CREATE TABLE `pelanggan` (
  `id` bigint(20) NOT NULL AUTO_INCREMENT,
  `kode` varchar(255) DEFAULT NULL,
  `nama` varchar(255) NOT NULL,
  `alamat` text DEFAULT NULL,
  `nomor_telp` varchar(255) DEFAULT NULL,
  `email` varchar(255) DEFAULT NULL,
  PRIMARY KEY (`id`),
  UNIQUE KEY `pelanggan_pk` (`nama`)
) ENGINE=InnoDB AUTO_INCREMENT=871 DEFAULT CHARSET=utf8mb4 COLLATE=utf8mb4_general_ci;
/*!40101 SET character_set_client = @saved_cs_client */;

--
-- Dumping data for table `pelanggan`
--

LOCK TABLES `pelanggan` WRITE;
/*!40000 ALTER TABLE `pelanggan` DISABLE KEYS */;
INSERT INTO `pelanggan` (`id`, `kode`, `nama`, `alamat`, `nomor_telp`, `email`) VALUES (11,'PLG007','habiboy','KOTA BEKASI','86176825986','habiboy69@example.com'),(12,'PLG008','vicimunchies','KOTA BEKASI','81118565877','vicimunchies27@gmail.com'),(13,'PLG009','eva_agustin15','KAB. BEKASI','88537646004','eva_agustin1568@outlook.com'),(14,'PLG010','dyah.p','KAB. BOGOR','85434098866','dyah.p22@example.com'),(15,'PLG011','reshafadhilah','KOTA BEKASI','86308450347','reshafadhilah27@gmail.com'),(16,'PLG012','issatyamurni_','KOTA BEKASI','86747861058','issatyamurni_37@yahoo.com'),(17,'PLG013','yunardopatra','KOTA BEKASI','85528799572','yunardopatra16@yahoo.com'),(18,'PLG014','iis.lutfiah','KOTA BEKASI','89294752857','iis.lutfiah8@outlook.com'),(19,'PLG015','dianpuspasari','KOTA JAKARTA TIMUR','84287103610','dianpuspasari83@yahoo.com'),(20,'PLG016','maulina_2228','KAB. BEKASI','82548933806','maulina_222844@outlook.com'),(21,'PLG017','fitripermatasari78','KOTA BEKASI','81614197898','fitripermatasari7821@yahoo.com'),(22,'PLG018','mauvee.co','KOTA BEKASI','88757966381','mauvee.co77@gmail.com'),(23,'PLG019','luv_elly','KOTA BEKASI','81673223831','luv_elly5@gmail.com'),(24,'PLG020','anandaghea07','KOTA BEKASI','84666423700','anandaghea0722@example.com'),(25,'PLG021','andrerudyantowiguna','KAB. BOGOR','86887286800','andrerudyantowiguna75@yahoo.com'),(26,'PLG022','dinisulistyowati','KOTA BEKASI','85690893417','dinisulistyowati3@outlook.com'),(27,'PLG023','pitlove1','KAB. BEKASI','87165853077','pitlove183@gmail.com'),(28,'PLG024','hermanto_liem','KAB. BOGOR','87721370866','hermanto_liem80@yahoo.com'),(29,'PLG025','dwita_risnawanti','KOTA BEKASI','89027477392','dwita_risnawanti100@gmail.com'),(30,'PLG026','novaliadewii','KOTA JAKARTA PUSAT','85989247921','novaliadewii22@example.com'),(31,'PLG027','farohhchusnq','KOTA BEKASI','88762514052','farohhchusnq93@gmail.com'),(32,'PLG028','m0em_ash','KOTA BEKASI','86512249056','m0em_ash32@gmail.com'),(33,'PLG029','at.store','KOTA JAKARTA TIMUR','88905845363','at.store19@gmail.com'),(34,'PLG030','zycraft_03','KOTA BEKASI','83070544946','zycraft_032@example.com'),(35,'PLG031','tokobunda.official','KOTA BEKASI','85487266643','tokobunda.official66@example.com'),(36,'PLG032','hendrik1671','KAB. BOGOR','86946514456','hendrik167154@outlook.com'),(37,'PLG033','ibueviyani','KAB. BOGOR','82148758994','ibueviyani9@example.com'),(38,'PLG034','rahmayantiyulia','KOTA BEKASI','86043711294','rahmayantiyulia44@example.com'),(39,'PLG035','putriayaa','KOTA BEKASI','85535531767','putriayaa74@example.com'),(40,'PLG036','yosikusdwi','KAB. BOGOR','86814290260','yosikusdwi94@yahoo.com'),(41,'PLG037','kikie_wijaya','KOTA BEKASI','82913514397','kikie_wijaya50@yahoo.com'),(42,'PLG038','hydehaidohideto','KOTA BEKASI','83938241366','hydehaidohideto18@example.com'),(43,'PLG039','riasuntyaningrum','KOTA BEKASI','84994669458','riasuntyaningrum85@outlook.com'),(44,'PLG040','firmanfivo','KOTA BEKASI','88704380258','firmanfivo84@outlook.com'),(45,'PLG041','dindaipristiadi','KOTA BEKASI','82387427255','dindaipristiadi35@example.com'),(46,'PLG042','anditta.maharani','KOTA JAKARTA TIMUR','85474672539','anditta.maharani21@gmail.com'),(47,'PLG043','zulkeeplee','KAB. BOGOR','87083593305','zulkeeplee53@example.com'),(48,'PLG044','mami.nio','KOTA BEKASI','84150659945','mami.nio3@gmail.com'),(49,'PLG045','putrimuhadi','KOTA BEKASI','83858192832','putrimuhadi91@yahoo.com'),(50,'PLG046','kristiardysubekti','KAB. BOGOR','81367112561','kristiardysubekti20@example.com'),(51,'PLG047','amelia.chuby','KOTA BEKASI','86147797521','amelia.chuby45@yahoo.com'),(52,'PLG048','spalata.candle','KOTA BEKASI','81199428292','spalata.candle51@outlook.com'),(53,'PLG049','ainayyaamiraaa','KOTA DEPOK','89335546312','ainayyaamiraaa98@example.com'),(54,'PLG050','triasnitazul2301','KAB. BOGOR','87296847700','triasnitazul230138@yahoo.com'),(55,'PLG051','seriusjual','KOTA JAKARTA TIMUR','84600284885','seriusjual74@outlook.com'),(56,'PLG052','angelinapreloved','KOTA BEKASI','83320848516','angelinapreloved94@outlook.com'),(57,'PLG053','ameliaarianto','KOTA JAKARTA PUSAT','81503376738','ameliaarianto42@yahoo.com'),(58,'PLG054','diani717','KOTA JAKARTA TIMUR','83775415696','diani7178@yahoo.com'),(59,'PLG055','ezraardi','KOTA TANGERANG SELATAN','85388001739','ezraardi42@outlook.com'),(60,'PLG056','joelskitchen','KAB. BOGOR','88424965849','joelskitchen100@example.com'),(61,'PLG057','ayuvia','KOTA BEKASI','83080161257','ayuvia37@gmail.com'),(62,'PLG058','santigusnawati','KAB. BOGOR','85569712242','santigusnawati21@outlook.com'),(63,'PLG059','thenatabos','KOTA BEKASI','83375908850','thenatabos61@yahoo.com'),(64,'PLG060','hi_choco','KOTA BEKASI','81055961227','hi_choco62@outlook.com'),(65,'PLG061','pablo.serve','KOTA BEKASI','86357855640','pablo.serve11@example.com'),(66,'PLG062','gieschaputri','KOTA JAKARTA PUSAT','82852119448','gieschaputri31@gmail.com'),(67,'PLG063','lilymakki','KOTA JAKARTA SELATAN','83922715074','lilymakki70@example.com'),(68,'PLG064','rilhahanum','KOTA BEKASI','89009448845','rilhahanum54@example.com'),(69,'PLG065','wildanfirdaus_9902','KAB. BOGOR','86011262586','wildanfirdaus_990245@yahoo.com'),(70,'PLG066','deboramarliana','KAB. BOGOR','88914735456','deboramarliana14@gmail.com'),(71,'PLG067','keringkentanguyuy','KOTA JAKARTA TIMUR','89203017737','keringkentanguyuy44@example.com'),(72,'PLG068','nugrogoald','KOTA JAKARTA TIMUR','83180324486','nugrogoald84@outlook.com'),(73,'PLG069','renyalves','KAB. BOGOR','85384787403','renyalves64@gmail.com'),(74,'PLG070','kayyumanis.id','KOTA JAKARTA TIMUR','82780023871','kayyumanis.id72@outlook.com'),(75,'PLG071','efigastore','KOTA BEKASI','89720610976','efigastore86@gmail.com'),(76,'PLG072','gcnath','KOTA BEKASI','89074611011','gcnath7@example.com'),(77,'PLG073','fend78','KOTA BEKASI','83876856152','fend7843@example.com'),(78,'PLG074','puji_ddsa1234','KAB. BEKASI','82290807809','puji_ddsa123430@example.com'),(79,'PLG075','anastasia.agnes.p','KOTA BEKASI','85980539939','anastasia.agnes.p5@yahoo.com'),(80,'PLG076','reninvita','KOTA BEKASI','83943221049','reninvita88@example.com'),(81,'PLG077','cimosihcake','KOTA BEKASI','87627176019','cimosihcake62@example.com'),(82,'PLG078','anadzira','KOTA BEKASI','81975305685','anadzira72@outlook.com'),(83,'PLG079','tokobunda85','KAB. BOGOR','86869522689','tokobunda859@yahoo.com'),(84,'PLG080','merlitawanda','KOTA JAKARTA TIMUR','89926447063','merlitawanda23@yahoo.com'),(85,'PLG081','neshazizi','KAB. BOGOR','84778913256','neshazizi2@outlook.com'),(86,'PLG082','dianasahputri','KOTA BEKASI','89028724111','dianasahputri37@gmail.com'),(87,'PLG083','chairinash','KOTA JAKARTA SELATAN','82441345931','chairinash83@example.com'),(88,'PLG084','bebani93','KOTA BEKASI','88682079108','bebani9316@gmail.com'),(89,'PLG085','andina11andina','KOTA JAKARTA TIMUR','86310822504','andina11andina24@example.com'),(90,'PLG086','utie87','KOTA BEKASI','87921746447','utie879@gmail.com'),(91,'PLG087','2vp0ku4x4v','KOTA JAKARTA SELATAN','85555943250','2vp0ku4x4v50@yahoo.com'),(92,'PLG088','heni.purnama31','KOTA JAKARTA TIMUR','86953085528','heni.purnama3122@yahoo.com'),(93,'PLG089','endangyuni78','KOTA BEKASI','89967743563','endangyuni7854@yahoo.com'),(94,'PLG090','mama.linda','KOTA BEKASI','83107539679','mama.linda38@example.com'),(95,'PLG091','arshadfiqar','KOTA BEKASI','83623620694','arshadfiqar60@gmail.com'),(96,'PLG092','juwitatriasari','KOTA JAKARTA UTARA','82134629182','juwitatriasari62@outlook.com'),(97,'PLG093','sariutami1409','KOTA BEKASI','85327447507','sariutami140996@example.com'),(98,'PLG094','anisarizki1999','KOTA DEPOK','83387854523','anisarizki199943@example.com'),(99,'PLG095','srimarniyati78','KAB. BEKASI','81572287632','srimarniyati7835@outlook.com'),(100,'PLG096','danielgun07','KOTA BEKASI','81403022599','danielgun0766@yahoo.com'),(101,'PLG097','swnia','KOTA JAKARTA SELATAN','88072513308','swnia16@yahoo.com'),(102,'PLG098','lostsagasale','KAB. BOGOR','81923571289','lostsagasale33@gmail.com'),(103,'PLG099','winaastranti','KOTA BEKASI','85519010871','winaastranti56@yahoo.com'),(104,'PLG100','moeslemahstore','KAB. BEKASI','85965690392','moeslemahstore13@outlook.com'),(105,'PLG101','adrianadewi','KOTA BEKASI','83968200735','adrianadewi63@example.com'),(106,'PLG102','ditamaita','KOTA BEKASI','85452534940','ditamaita41@gmail.com'),(107,'PLG103','namananaroo','KOTA BEKASI','85753076176','namananaroo50@example.com'),(108,'PLG104','mymozza','KOTA DEPOK','84156904422','mymozza37@gmail.com'),(109,'PLG105','adellaolivia','KOTA JAKARTA TIMUR','87124457954','adellaolivia26@outlook.com'),(110,'PLG106','radyanatashya','KAB. BOGOR','81387290778','radyanatashya62@outlook.com'),(111,'PLG107','faliads','KAB. BOGOR','89838519062','faliads46@yahoo.com'),(112,'PLG108','naeza1818','KOTA BEKASI','83650920490','naeza181891@yahoo.com'),(113,'PLG109','sonnya_s','KOTA BEKASI','83084887095','sonnya_s36@yahoo.com'),(114,'PLG110','ranaya26','KOTA BEKASI','87771104935','ranaya2699@gmail.com'),(115,'PLG111','margaretnovria','KOTA BEKASI','81801786003','margaretnovria97@gmail.com'),(116,'PLG112','hasnallia','KOTA JAKARTA TIMUR','89202532155','hasnallia28@gmail.com'),(117,'PLG113','liezmulya','KOTA BEKASI','86059023642','liezmulya29@yahoo.com'),(118,'PLG114','meydikow','KAB. BOGOR','85392687366','meydikow6@outlook.com'),(119,'PLG115','secretpalace','KAB. BEKASI','86549741296','secretpalace64@yahoo.com'),(120,'PLG116','amoytimoy','KOTA BEKASI','84860143970','amoytimoy19@example.com'),(121,'PLG117','dhian_ikawati','KAB. BEKASI','85773655985','dhian_ikawati19@yahoo.com'),(122,'PLG118','sandraadystie','KOTA BEKASI','84080352429','sandraadystie41@outlook.com'),(123,'PLG119','merillaandhara','KOTA BEKASI','87293528632','merillaandhara30@example.com'),(124,'PLG120','ar1efp','KOTA TANGERANG SELATAN','83355366489','ar1efp6@outlook.com'),(125,'PLG121','jrusdin','KAB. BEKASI','86668582923','jrusdin16@yahoo.com'),(126,'PLG122','yaniagus61','KOTA JAKARTA TIMUR','88504409347','yaniagus6134@yahoo.com'),(127,'PLG123','devimayarina','KOTA JAKARTA BARAT','82524410308','devimayarina60@gmail.com'),(128,'PLG124','budiati80','KOTA BEKASI','85768592195','budiati8037@yahoo.com'),(129,'PLG125','cyntia27','KOTA BEKASI','84460091344','cyntia2785@example.com'),(130,'PLG126','ayudhia86shop','KOTA BEKASI','82826845029','ayudhia86shop51@example.com'),(131,'PLG127','nurul_sena','KOTA BEKASI','83445975670','nurul_sena60@gmail.com'),(132,'PLG128','yeni441622','KOTA BEKASI','84609253256','yeni44162276@example.com'),(133,'PLG129','novita_1978','KOTA JAKARTA SELATAN','84302564044','novita_197876@example.com'),(134,'PLG130','finnanoviyanti','KAB. BEKASI','84833008825','finnanoviyanti21@gmail.com'),(135,'PLG131','esy1234','KOTA BEKASI','88015933989','esy123417@example.com'),(136,'PLG132','evapuspitasari72','KOTA BEKASI','88551610554','evapuspitasari72100@outlook.com'),(137,'PLG133','fitriahannani','KOTA JAKARTA SELATAN','85086895504','fitriahannani52@yahoo.com'),(138,'PLG134','babyris__','KOTA BEKASI','84081425723','babyris__55@example.com'),(139,'PLG135','adistybunga','KOTA BEKASI','85544610612','adistybunga76@outlook.com'),(140,'PLG136','iraaristiana231268','KOTA DEPOK','82144589090','iraaristiana23126891@example.com'),(141,'PLG137','halaman100','KOTA JAKARTA TIMUR','87583741395','halaman1001@yahoo.com'),(142,'PLG138','dysuryo','KAB. BEKASI','84767211177','dysuryo81@outlook.com'),(143,'PLG139','adhimyr','KOTA BEKASI','84419696739','adhimyr55@gmail.com'),(144,'PLG140','cimay__','KOTA BEKASI','86469226370','cimay__71@yahoo.com'),(145,'PLG141','devisetyaivy','KOTA BEKASI','84832679912','devisetyaivy95@gmail.com'),(146,'PLG142','shofia23','KAB. BOGOR','89964167579','shofia2380@gmail.com'),(147,'PLG143','atikafatkhiyah','KOTA BEKASI','85025301982','atikafatkhiyah55@yahoo.com'),(148,'PLG144','ella2107','KOTA BEKASI','86576512312','ella210792@yahoo.com'),(149,'PLG145','yudhirosadi.yr','KOTA BEKASI','82169362577','yudhirosadi.yr66@outlook.com'),(150,'PLG146','sekiro2006','KAB. BEKASI','84991173862','sekiro200693@gmail.com'),(151,'PLG147','sakuracantiq','KAB. BEKASI','86427847560','sakuracantiq90@example.com'),(152,'PLG148','ellin_00','KOTA BEKASI','87572442290','ellin_0018@yahoo.com'),(153,'PLG149','elangriono14','KOTA DEPOK','82754115299','elangriono1452@gmail.com'),(154,'PLG150','devita_tamsil','KOTA BEKASI','81774973970','devita_tamsil87@gmail.com'),(155,'PLG151','rinisudibyo','KOTA BEKASI','89370757356','rinisudibyo67@example.com'),(156,'PLG152','fauziahzukhruf','KOTA BEKASI','89555144275','fauziahzukhruf99@gmail.com'),(157,'PLG153','insyrahf','KOTA JAKARTA TIMUR','89792237722','insyrahf62@outlook.com'),(158,'PLG154','anggitaadk','KOTA BEKASI','84867229851','anggitaadk93@outlook.com'),(159,'PLG155','raneeca11','KOTA BEKASI','87405656316','raneeca1137@gmail.com'),(160,'PLG156','dwiprahari','KAB. BOGOR','85956273516','dwiprahari61@yahoo.com'),(161,'PLG157','nancyetha','KAB. BOGOR','87722985254','nancyetha22@example.com'),(162,'PLG158','selviana_mohamad','KOTA BEKASI','88214120976','selviana_mohamad15@example.com'),(163,'PLG159','ayudevie','KOTA TANGERANG SELATAN','89586944745','ayudevie83@gmail.com'),(164,'PLG160','dwira52','KOTA JAKARTA TIMUR','85798638716','dwira527@example.com'),(165,'PLG161','niekma','KOTA BEKASI','89160748994','niekma5@gmail.com'),(166,'PLG162','lynegrosirkosmetik','KOTA BEKASI','87831918631','lynegrosirkosmetik49@yahoo.com'),(167,'PLG163','miverna29','KAB. BOGOR','86341570463','miverna2921@outlook.com'),(168,'PLG164','hmw2503','KOTA BEKASI','87957680338','hmw250395@example.com'),(169,'PLG165','sekitsui','KOTA JAKARTA TIMUR','84745108149','sekitsui33@gmail.com'),(170,'PLG166','sylviazis','KOTA JAKARTA TIMUR','87450510663','sylviazis6@example.com'),(171,'PLG167','rimadinijanuarti','KAB. BEKASI','81828991738','rimadinijanuarti51@outlook.com'),(172,'PLG168','dishrocks','KOTA BEKASI','89078336956','dishrocks28@yahoo.com'),(173,'PLG169','pettyramadhani','KAB. BOGOR','86657774320','pettyramadhani15@outlook.com'),(174,'PLG170','inggrit.may','KOTA BEKASI','82702456999','inggrit.may25@gmail.com'),(175,'PLG171','djnx.eo','KAB. BEKASI','87327364464','djnx.eo3@outlook.com'),(176,'PLG172','thalia_100506','KOTA BEKASI','85986903598','thalia_10050690@gmail.com'),(177,'PLG173','fathimah_19','KOTA JAKARTA SELATAN','87576062726','fathimah_1976@example.com'),(178,'PLG174','darieindiawati','KOTA JAKARTA SELATAN','89906370308','darieindiawati89@yahoo.com'),(179,'PLG175','sukurnabeez','KOTA JAKARTA TIMUR','89525177325','sukurnabeez62@yahoo.com'),(180,'PLG176','sellstock.id','KOTA BEKASI','86373344643','sellstock.id40@gmail.com'),(181,'PLG177','intaandewii','KOTA BEKASI','84317445264','intaandewii69@yahoo.com'),(182,'PLG178','teeanggita','KAB. BEKASI','81952574348','teeanggita80@example.com'),(183,'PLG179','marisa.martiana','KOTA JAKARTA SELATAN','85505282501','marisa.martiana20@yahoo.com'),(184,'PLG180','inongishaq1973','KOTA BEKASI','84118370740','inongishaq197340@gmail.com'),(185,'PLG181','spicyandcakedrops','KOTA BEKASI','83321728618','spicyandcakedrops29@gmail.com'),(186,'PLG182','rrr_99','KAB. BEKASI','84164420955','rrr_9991@yahoo.com'),(187,'PLG183','viniaputriana','KOTA BEKASI','87091358748','viniaputriana81@example.com'),(188,'PLG184','nicoleclfr','KOTA BEKASI','82733035899','nicoleclfr67@example.com'),(189,'PLG185','laoderaymond','KOTA BEKASI','84936758407','laoderaymond45@yahoo.com'),(190,'PLG186','erlinabst','KOTA JAKARTA SELATAN','82959546444','erlinabst47@yahoo.com'),(191,'PLG187','perlambang_24','KOTA BEKASI','84167922006','perlambang_2449@yahoo.com'),(192,'PLG188','efrina07','KOTA BEKASI','86733296517','efrina0798@gmail.com'),(193,'PLG189','yessicams','KAB. BEKASI','84031002583','yessicams39@example.com'),(194,'PLG190','chandrapuspita','KOTA BEKASI','88019089499','chandrapuspita1@yahoo.com'),(195,'PLG191','vitvita123','KOTA BEKASI','81689432561','vitvita12381@example.com'),(196,'PLG192','oneyearstation','KOTA JAKARTA TIMUR','86823775340','oneyearstation66@example.com'),(197,'PLG193','heska1408','KAB. BOGOR','81634472385','heska140898@gmail.com'),(198,'PLG194','naningtrainner','KOTA JAKARTA PUSAT','89015271164','naningtrainner96@gmail.com'),(199,'PLG195','rarasistanitya','KOTA BEKASI','88654250812','rarasistanitya27@outlook.com'),(200,'PLG196','auliaannisa16','KOTA BEKASI','88885883268','auliaannisa1697@yahoo.com'),(201,'PLG197','melisamawarini','KAB. BOGOR','82620551653','melisamawarini42@example.com'),(202,'PLG198','tantiacdf','KOTA BEKASI','89706899824','tantiacdf52@gmail.com'),(203,'PLG199','afidhila','KOTA BEKASI','85266736235','afidhila83@outlook.com'),(204,'PLG200','hestisusiawati0102','KOTA BEKASI','83313132619','hestisusiawati010218@yahoo.com'),(205,'PLG201','trianawahyu.s','KOTA BEKASI','82269824636','trianawahyu.s30@yahoo.com'),(206,'PLG202','aisyahmuthia2889','KOTA BEKASI','85660456782','aisyahmuthia288935@outlook.com'),(207,'PLG203','fauziahch','KOTA BEKASI','81029361359','fauziahch68@outlook.com'),(208,'PLG204','konmariku','KOTA BEKASI','83406418520','konmariku50@example.com'),(209,'PLG205','tehen31','KOTA BEKASI','84018664186','tehen3197@example.com'),(210,'PLG206','je_toys','KOTA JAKARTA TIMUR','87881871808','je_toys87@yahoo.com'),(211,'PLG207','andin15282','KOTA JAKARTA TIMUR','87301094683','andin1528280@outlook.com'),(212,'PLG208','popondenniswibowo','KOTA JAKARTA TIMUR','85547041686','popondenniswibowo20@example.com'),(213,'PLG209','dandy_munandar','KOTA BEKASI','81754140978','dandy_munandar52@yahoo.com'),(214,'PLG210','ekoyannuar90','KOTA BEKASI','83054314422','ekoyannuar9048@outlook.com'),(215,'PLG211','lesca1972','KOTA JAKARTA TIMUR','82869606158','lesca197210@outlook.com'),(216,'PLG212','sariayudhia','KOTA BEKASI','86939994616','sariayudhia84@example.com'),(217,'PLG213','ediprabowo56','KOTA BEKASI','85283724518','ediprabowo5699@outlook.com'),(218,'PLG214','ummualyaabrar','KOTA BEKASI','87724809399','ummualyaabrar66@outlook.com'),(219,'PLG215','westcovina','KAB. BOGOR','88149147403','westcovina78@yahoo.com'),(220,'PLG216','silvaaudya','KOTA JAKARTA TIMUR','89960518650','silvaaudya74@gmail.com'),(221,'PLG217','citrazdj','KOTA BEKASI','87085494087','citrazdj39@yahoo.com'),(222,'PLG218','bramaster','KOTA JAKARTA SELATAN','89069307007','bramaster54@yahoo.com'),(223,'PLG219','anggraheniwijayanti','KOTA JAKARTA UTARA','89880287266','anggraheniwijayanti27@example.com'),(224,'PLG220','kamil_2018','KOTA BEKASI','89880096660','kamil_201824@gmail.com'),(225,'PLG221','nayavirginia05','KOTA JAKARTA TIMUR','89194890772','nayavirginia0543@example.com'),(226,'PLG222','chez_preloved','KOTA BEKASI','88864955422','chez_preloved15@outlook.com'),(227,'PLG223','jessica.christiani','KOTA BEKASI','88251957543','jessica.christiani59@gmail.com'),(228,'PLG224','rizkasoraya_','KOTA BEKASI','85865064495','rizkasoraya_11@yahoo.com'),(229,'PLG225','sari.kusumah','KOTA BEKASI','84261582834','sari.kusumah47@example.com'),(230,'PLG226','bakmietoge','KOTA BEKASI','85875497075','bakmietoge33@example.com'),(231,'PLG227','idris2604','KOTA BEKASI','84399500487','idris260437@yahoo.com'),(232,'PLG228','irnatsabita','KOTA BEKASI','89666549764','irnatsabita65@yahoo.com'),(233,'PLG229','almirartanjung','KOTA BEKASI','81204320175','almirartanjung80@example.com'),(234,'PLG230','angestiiii','KAB. BEKASI','86959600755','angestiiii8@yahoo.com'),(235,'PLG231','askiiaskii','KOTA DEPOK','82032917834','askiiaskii12@gmail.com'),(236,'PLG232','hsnkia.nana','KOTA BEKASI','88460752171','hsnkia.nana60@outlook.com'),(237,'PLG233','rinimaynita','KOTA BEKASI','81821045806','rinimaynita17@yahoo.com'),(238,'PLG234','limasa999','KOTA JAKARTA PUSAT','86907757892','limasa99977@example.com'),(239,'PLG235','fitriaarw','KOTA JAKARTA SELATAN','89068750689','fitriaarw65@example.com'),(240,'PLG236','ifandang','KOTA BEKASI','84467837021','ifandang29@gmail.com'),(241,'PLG237','ipunkcrashbandicouth','KOTA DEPOK','88689163294','ipunkcrashbandicouth37@example.com'),(242,'PLG238','silviaaryani90','KOTA BEKASI','83239653840','silviaaryani9075@yahoo.com'),(243,'PLG239','ichaputri17','KAB. BEKASI','83387501894','ichaputri1776@yahoo.com'),(244,'PLG240','esthersatyastuti','KOTA BEKASI','85866304966','esthersatyastuti22@yahoo.com'),(245,'PLG241','dhynsa91','KOTA BEKASI','87965884185','dhynsa919@gmail.com'),(246,'PLG242','larisa_y','KOTA JAKARTA TIMUR','87041553756','larisa_y22@gmail.com'),(247,'PLG243','sashanugi','KOTA JAKARTA SELATAN','88846286098','sashanugi72@example.com'),(248,'PLG244','fenny_71','KAB. BOGOR','81550533033','fenny_7135@gmail.com'),(249,'PLG245','evamahdalena','KOTA BEKASI','83627145844','evamahdalena50@yahoo.com'),(250,'PLG246','edys.sppt','KOTA BEKASI','85966639574','edys.sppt90@example.com'),(251,'PLG247','shintacasanova1711','KOTA BEKASI','86420287424','shintacasanova171121@gmail.com'),(252,'PLG248','juliawawan','KOTA BEKASI','82984118247','juliawawan35@gmail.com'),(253,'PLG249','fcbw4hyu','KOTA JAKARTA TIMUR','89123668837','fcbw4hyu62@outlook.com'),(254,'PLG250','rcahyapradani','KOTA BEKASI','82769717009','rcahyapradani61@yahoo.com'),(255,'PLG251','azmya.toys','KOTA BEKASI','82490268653','azmya.toys17@example.com'),(256,'PLG252','issetiaa','KAB. BEKASI','82580927241','issetiaa95@outlook.com'),(257,'PLG253','anggialfariel','KOTA BEKASI','87995092091','anggialfariel95@outlook.com'),(258,'PLG254','putrianarachmawati','KAB. BEKASI','82039252205','putrianarachmawati31@outlook.com'),(259,'PLG255','dewieisna','KAB. BOGOR','88001023812','dewieisna15@gmail.com'),(260,'PLG256','rinasrirosdiana29','KOTA BEKASI','84803760041','rinasrirosdiana2941@gmail.com'),(261,'PLG257','liabeo','KOTA BEKASI','81206612132','liabeo49@example.com'),(262,'PLG258','bingelectronic','KOTA JAKARTA PUSAT','84076622747','bingelectronic55@gmail.com'),(263,'PLG259','dahliarahardhita','KOTA JAKARTA SELATAN','89013324080','dahliarahardhita91@example.com'),(264,'PLG260','jesse0204','KOTA BEKASI','87151999581','jesse020442@gmail.com'),(265,'PLG261','antari123','KOTA JAKARTA TIMUR','89392074605','antari12363@outlook.com'),(266,'PLG262','diahbambangii','KOTA BEKASI','85325065437','diahbambangii13@yahoo.com'),(267,'PLG263','hafshah.shop26','KOTA JAKARTA TIMUR','86459154017','hafshah.shop2648@gmail.com'),(268,'PLG264','abiezaky90','KAB. BOGOR','88298251719','abiezaky9052@gmail.com'),(269,'PLG265','irmaarsianti','KOTA DEPOK','87740547841','irmaarsianti93@outlook.com'),(270,'PLG266','bellalutfiana','KOTA BEKASI','85050192987','bellalutfiana44@example.com'),(271,'PLG267','intanmutiasari','KOTA BEKASI','83244443340','intanmutiasari71@yahoo.com'),(272,'PLG268','moneane.id','KOTA JAKARTA TIMUR','89537635990','moneane.id42@gmail.com');
/*!40000 ALTER TABLE `pelanggan` ENABLE KEYS */;
UNLOCK TABLES;

--
-- Table structure for table `pembelian`
--

DROP TABLE IF EXISTS `pembelian`;
/*!40101 SET @saved_cs_client     = @@character_set_client */;
/*!40101 SET character_set_client = utf8 */;
CREATE TABLE `pembelian` (
  `id` bigint(20) NOT NULL AUTO_INCREMENT,
  `nomor_transaksi` varchar(255) DEFAULT NULL,
  `tanggal_transaksi` datetime DEFAULT NULL,
  `suplier_id` bigint(20) DEFAULT NULL,
  PRIMARY KEY (`id`),
  UNIQUE KEY `pembelian_pk` (`nomor_transaksi`),
  KEY `pembelian_suplier_id_fk` (`suplier_id`),
  CONSTRAINT `pembelian_suplier_id_fk` FOREIGN KEY (`suplier_id`) REFERENCES `suplier` (`id`) ON DELETE CASCADE ON UPDATE CASCADE
) ENGINE=InnoDB AUTO_INCREMENT=20 DEFAULT CHARSET=utf8mb4 COLLATE=utf8mb4_general_ci;
/*!40101 SET character_set_client = @saved_cs_client */;

--
-- Dumping data for table `pembelian`
--

LOCK TABLES `pembelian` WRITE;
/*!40000 ALTER TABLE `pembelian` DISABLE KEYS */;
INSERT INTO `pembelian` (`id`, `nomor_transaksi`, `tanggal_transaksi`, `suplier_id`) VALUES (1,'2022XXQ','2022-01-01 11:03:00',1),(2,'2022XXW','2022-01-01 10:11:00',2),(3,'2022XXE','2022-01-01 14:00:00',3),(4,'2022XXR','2022-01-01 08:12:00',4);
/*!40000 ALTER TABLE `pembelian` ENABLE KEYS */;
UNLOCK TABLES;

--
-- Table structure for table `pembelian_barang`
--

DROP TABLE IF EXISTS `pembelian_barang`;
/*!40101 SET @saved_cs_client     = @@character_set_client */;
/*!40101 SET character_set_client = utf8 */;
CREATE TABLE `pembelian_barang` (
  `id` bigint(20) NOT NULL AUTO_INCREMENT,
  `pembelian_id` bigint(20) DEFAULT NULL,
  `barang_id` bigint(20) DEFAULT NULL,
  `jumlah_barang` int(11) DEFAULT NULL,
  PRIMARY KEY (`id`),
  KEY `pembelian_barang___fk` (`barang_id`),
  KEY `pembelian_barang_pembelian_id_fk` (`pembelian_id`),
  CONSTRAINT `pembelian_barang___fk` FOREIGN KEY (`barang_id`) REFERENCES `barang` (`id`) ON DELETE CASCADE ON UPDATE CASCADE,
  CONSTRAINT `pembelian_barang_pembelian_id_fk` FOREIGN KEY (`pembelian_id`) REFERENCES `pembelian` (`id`) ON DELETE CASCADE ON UPDATE CASCADE
) ENGINE=InnoDB AUTO_INCREMENT=162 DEFAULT CHARSET=utf8mb4 COLLATE=utf8mb4_general_ci;
/*!40101 SET character_set_client = @saved_cs_client */;

--
-- Dumping data for table `pembelian_barang`
--

LOCK TABLES `pembelian_barang` WRITE;
/*!40000 ALTER TABLE `pembelian_barang` DISABLE KEYS */;
INSERT INTO `pembelian_barang` (`id`, `pembelian_id`, `barang_id`, `jumlah_barang`) VALUES (1,1,1,200),(2,1,3,200),(3,1,5,200),(4,1,6,200),(22,1,8,200),(23,1,9,200),(24,1,10,200),(25,1,13,200),(26,1,16,200),(27,1,17,200),(28,1,18,200),(29,1,20,200),(30,1,22,200),(31,1,28,200),(32,1,30,200),(33,1,44,200),(34,1,45,200),(35,1,53,200),(36,1,57,200),(37,1,59,200),(38,1,61,200),(39,1,66,200),(40,1,71,200),(41,1,86,200),(42,1,87,200),(43,1,99,200),(44,1,102,200),(45,1,103,200),(46,1,104,200),(47,1,105,200),(48,1,106,200),(49,1,107,200),(50,1,108,200),(51,1,109,200),(52,1,110,200),(53,1,111,200),(54,1,112,200),(55,1,113,200),(56,1,114,200),(57,1,115,200),(58,1,116,200),(59,1,119,200),(60,1,120,200),(61,1,121,200),(62,1,127,200),(63,1,130,200),(64,1,131,200),(65,1,132,200),(66,1,140,200),(67,2,2,200),(68,2,4,200),(69,2,7,200),(70,2,11,200),(71,2,14,200),(72,2,15,200),(73,2,19,200),(74,2,21,200),(75,2,23,200),(76,2,26,200),(77,2,32,200),(78,2,35,200),(79,2,38,200),(80,2,41,200),(81,2,42,200),(82,2,43,200),(83,2,47,200),(84,2,48,200),(85,2,51,200),(86,2,56,200),(87,2,58,200),(88,2,63,200),(89,2,64,200),(90,2,70,200),(91,2,72,200),(92,2,73,200),(93,2,76,200),(94,2,77,200),(95,2,78,200),(96,2,79,200),(97,2,83,200),(98,2,84,200),(99,2,85,200),(100,2,88,200),(101,2,93,200),(102,2,94,200),(103,2,96,200),(104,2,117,200),(105,2,118,200),(106,2,124,200),(107,2,133,200),(108,2,134,200),(109,2,136,200),(110,2,137,200),(111,2,138,200),(112,2,141,200),(113,2,142,200),(114,2,143,200),(115,3,12,200),(116,3,39,200),(117,3,40,200),(118,3,49,200),(119,3,60,200),(120,3,65,200),(121,3,68,200),(122,3,122,200),(123,3,129,200),(124,4,24,200),(125,4,25,200),(126,4,27,200),(127,4,29,200),(128,4,31,200),(129,4,33,200),(130,4,34,200),(131,4,36,200),(132,4,37,200),(133,4,46,200),(134,4,50,200),(135,4,52,200),(136,4,54,200),(137,4,55,200),(138,4,62,200),(139,4,67,200),(140,4,69,200),(141,4,74,200),(142,4,75,200),(143,4,80,200),(144,4,81,200),(145,4,82,200),(146,4,89,200),(147,4,90,200),(148,4,91,200),(149,4,92,200),(150,4,95,200),(151,4,97,200),(152,4,98,200),(153,4,100,200),(154,4,101,200),(155,4,123,200),(156,4,125,200),(157,4,126,200),(158,4,128,200),(159,4,135,200),(160,4,139,200),(161,4,144,200);
/*!40000 ALTER TABLE `pembelian_barang` ENABLE KEYS */;
UNLOCK TABLES;

--
-- Table structure for table `penjualan`
--

DROP TABLE IF EXISTS `penjualan`;
/*!40101 SET @saved_cs_client     = @@character_set_client */;
/*!40101 SET character_set_client = utf8 */;
CREATE TABLE `penjualan` (
  `id` bigint(20) NOT NULL AUTO_INCREMENT,
  `nomor_transaksi` varchar(255) DEFAULT NULL,
  `tanggal_transaksi` datetime DEFAULT NULL,
  `pelanggan_id` bigint(20) DEFAULT NULL,
  PRIMARY KEY (`id`),
  UNIQUE KEY `penjualan_pk` (`nomor_transaksi`),
  KEY `penjualan_pelanggan_id_fk` (`pelanggan_id`),
  CONSTRAINT `penjualan_pelanggan_id_fk` FOREIGN KEY (`pelanggan_id`) REFERENCES `pelanggan` (`id`) ON DELETE CASCADE ON UPDATE CASCADE
) ENGINE=InnoDB AUTO_INCREMENT=273 DEFAULT CHARSET=utf8mb4 COLLATE=utf8mb4_general_ci;
/*!40101 SET character_set_client = @saved_cs_client */;

--
-- Dumping data for table `penjualan`
--

LOCK TABLES `penjualan` WRITE;
/*!40000 ALTER TABLE `penjualan` DISABLE KEYS */;
INSERT INTO `penjualan` (`id`, `nomor_transaksi`, `tanggal_transaksi`, `pelanggan_id`) VALUES (11,'220101NCY2MTDM','2022-01-01 18:24:00',11),(12,'220101ND5N84GX','2022-01-01 18:28:00',12),(13,'220101NG1K4T8Y','2022-01-01 19:20:00',13),(14,'220101NMDKP8D0','2022-01-01 19:20:00',14),(15,'220101NP4KGGFU','2022-01-01 21:09:00',15),(16,'220101NR5G8914','2022-01-01 21:45:00',16),(17,'220101NRHBTCFP','2022-01-01 21:52:00',17),(18,'220102PM6C2EJ3','2022-01-02 06:06:00',18),(19,'220102PVGKR3V2','2022-01-02 09:05:00',19),(20,'220102Q1DHFRJ5','2022-01-02 10:03:00',20),(21,'220102Q1ED3XR5','2022-01-02 10:04:00',21),(22,'220102Q1VWUD5V','2022-01-02 10:12:00',22),(23,'220102Q3DSUD9V','2022-01-02 10:40:00',23),(24,'220102Q40RW1YC','2022-01-02 10:51:00',24),(25,'220102Q5ERNTUN','2022-01-02 11:15:00',25),(26,'220102QB3HBEXK','2022-01-02 12:56:00',26),(27,'220102QD8PX8ET','2022-01-02 13:35:00',27),(28,'220102QED0D6RC','2022-01-02 13:56:00',28),(29,'220102QK45RFFS','2022-01-02 15:20:00',29),(30,'220102QME4H564','2022-01-02 15:43:00',30),(31,'220102QN35YMFD','2022-01-02 15:55:00',31),(32,'220102QN3MVC7R','2022-01-02 15:55:00',32),(33,'220102QVGV4FST','2022-01-02 18:08:00',33),(34,'220102R6HB0JKQ','2022-01-02 21:07:00',34),(35,'220102RBSNF884','2022-01-02 22:41:00',35),(36,'220103RG0WAT3V','2022-01-02 23:59:00',36),(37,'220103RH5FQA7S','2022-01-03 00:18:00',37),(38,'220103S50KVYBJ','2022-01-03 06:13:00',38),(39,'220103S7MAS783','2022-01-03 07:00:00',39),(40,'220103S82JMG7R','2022-01-03 07:08:00',40),(41,'220103S99P5NWG','2022-01-03 07:29:00',41),(42,'220103SC52YWYW','2022-01-03 08:20:00',42),(43,'220103SCMB328T','2022-01-03 08:29:00',43),(44,'220103SCTU9AC8','2022-01-03 08:33:00',44),(45,'220103SF2WW6GN','2022-01-03 09:13:00',45),(46,'220103SGH73YYW','2022-01-03 09:39:00',46),(47,'220103SJP7NV53','2022-01-03 10:18:00',47),(48,'220103SKDWA4F8','2022-01-03 10:31:00',48),(49,'220103SKX9W36N','2022-01-03 10:40:00',49),(50,'220103SN5AYACW','2022-01-03 10:40:00',50),(51,'220103SND0UATE','2022-01-03 11:06:00',51),(52,'220103SP0X4Q4N','2022-01-03 11:18:00',52),(53,'220103SQWW66DA','2022-01-03 11:51:00',53),(54,'220103SVAJG1WS','2022-01-03 13:10:00',54),(55,'220103SWDKECCC','2022-01-03 13:30:00',55),(56,'220103SWGB64AG','2022-01-03 13:31:00',56),(57,'220103SXXTPMGX','2022-01-03 13:31:00',57),(58,'220103T0YK20RW','2022-01-03 14:34:00',58),(59,'220103T11QQMDM','2022-01-03 14:34:00',59),(60,'220103T1UN38QC','2022-01-03 14:49:00',60),(61,'220103T78F0EH8','2022-01-03 16:26:00',61),(62,'220103TQY20PB5','2022-01-03 21:26:00',62),(63,'220104U6WCY68G','2022-01-04 01:52:00',63),(64,'220104UPBMY2UM','2022-01-04 06:29:00',64),(65,'220104UPY0Q0RH','2022-01-04 06:39:00',65),(66,'220104V018M9MA','2022-01-04 09:22:00',66),(67,'220104V130XPPF','2022-01-04 09:41:00',67),(68,'220104V1E3X1UB','2022-01-04 09:47:00',68),(69,'220104V3CRCY1E','2022-01-04 10:22:00',69),(70,'220104V3PG9JST','2022-01-04 10:27:00',70),(71,'220104V3RNV78F','2022-01-04 10:28:00',71),(72,'220104V5AQ7C7B','2022-01-04 10:56:00',72),(73,'220104V8DDTN51','2022-01-04 11:52:00',73),(74,'220104VHQ43EAG','2022-01-04 14:38:00',74),(75,'220104052U0TEW','2022-01-04 21:24:00',75),(76,'220104071GY67E','2022-01-04 22:00:00',76),(77,'22010517F6Q9F1','2022-01-05 09:25:00',77),(78,'2201051P2SS8WK','2022-01-05 12:02:00',78),(79,'2201051QXQG5WC','2022-01-05 12:34:00',79),(80,'2201051RNGH7R7','2022-01-05 12:48:00',80),(81,'2201052797XSKB','2022-01-05 17:09:00',81),(82,'2201052E6XKBRT','2022-01-05 19:13:00',82),(83,'2201062VDJYNXM','2022-01-05 23:27:00',83),(84,'22010636XUWH21','2022-01-06 02:36:00',84),(85,'2201063N3129N3','2022-01-06 06:49:00',85),(86,'2201063NFH49BH','2022-01-06 06:56:00',86),(87,'2201063PMRHNV7','2022-01-06 07:17:00',87),(88,'2201063PQN84Q5','2022-01-06 07:18:00',88),(89,'2201063VJ37SUP','2022-01-06 09:02:00',89),(90,'2201063YR4TDV4','2022-01-06 09:59:00',90),(91,'220106468R65XX','2022-01-06 11:57:00',91),(92,'220106478EY8Y1','2022-01-06 12:14:00',92),(93,'22010647KE704F','2022-01-06 12:20:00',93),(94,'220106481TCMX1','2022-01-06 12:28:00',94),(95,'22010648UKPY34','2022-01-06 12:42:00',95),(96,'2201064ADC4E2E','2022-01-06 13:10:00',96),(97,'2201064AW3J5W9','2022-01-06 13:19:00',97),(98,'2201064MKH5YW5','2022-01-06 16:14:00',98),(99,'22010655UUUBPV','2022-01-06 21:21:00',99),(100,'22010762RMU7GS','2022-01-07 06:00:00',100),(101,'22010762XRAXQQ','2022-01-07 06:02:00',101),(102,'2201076AW3VFN8','2022-01-07 06:02:00',102),(103,'2201076AY435NR','2022-01-07 08:25:00',103),(104,'2201076BEP4KCJ','2022-01-07 08:34:00',104),(105,'2201076F67RXBX','2022-01-07 08:34:00',105),(106,'2201076FW3BCX9','2022-01-07 11:20:00',106),(107,'2201076J2VA21S','2022-01-07 10:33:00',107),(108,'2201076JM3AWJE','2022-01-07 10:43:00',108),(109,'2201076JRTYGKJ','2022-01-07 10:45:00',109),(110,'2201076M5HKVD9','2022-01-07 11:10:00',110),(111,'2201076M5N90WM','2022-01-07 11:11:00',111),(112,'2201076Q5K2DN4','2022-01-07 12:04:00',112),(113,'2201077EW9957R','2022-01-07 19:09:00',113),(114,'2201077GA0JBWE','2022-01-07 19:34:00',114),(115,'2201077GPRK3JG','2022-01-07 19:41:00',115),(116,'220108806N9JH7','2022-01-08 00:19:00',116),(117,'2201088P7TRM4Y','2022-01-08 06:52:00',117),(118,'22010891WBYTEP','2022-01-08 10:22:00',118),(119,'220108934411F5','2022-01-08 10:43:00',119),(120,'220108995CTN7B','2022-01-08 12:33:00',120),(121,'2201089DB0XNWR','2022-01-08 13:46:00',121),(122,'2201089GP9YA1T','2022-01-08 14:47:00',122),(123,'2201089KQJUE1S','2022-01-08 15:40:00',123),(124,'2201089PX3S74E','2022-01-08 16:38:00',124),(125,'220108A2AKXV5W','2022-01-08 20:01:00',125),(126,'220108A8W3R7E9','2022-01-08 22:00:00',126),(127,'220109AH075V57','2022-01-09 00:25:00',127),(128,'220109B9D937N5','2022-01-09 07:41:00',128),(129,'220109BB5GAB83','2022-01-09 07:41:00',129),(130,'220109BQ22VJ87','2022-01-09 11:45:00',130),(131,'220109BQXTWNGH','2022-01-09 12:03:00',131),(132,'220109BSH8R65W','2022-01-09 12:30:00',132),(133,'220109BT9VJJTN','2022-01-09 13:03:00',133),(134,'220109CUWJNUM8','2022-01-09 22:47:00',134),(135,'220110DMR0DG6W','2022-01-10 06:09:00',135),(136,'220110DRY83M1J','2022-01-10 07:25:00',136),(137,'220110DT1MRUKD','2022-01-10 07:44:00',137),(138,'220110DTQ733W3','2022-01-10 07:56:00',138),(139,'220110DWF5H43P','2022-01-10 08:45:00',139),(140,'220110DWGP2WFX','2022-01-10 08:46:00',140),(141,'220110E65CW1DD','2022-01-10 11:21:00',141),(142,'220110E8AR8CCB','2022-01-10 11:59:00',142),(143,'220110ECDPMYVT','2022-01-10 13:13:00',143),(144,'220110ECDY2R18','2022-01-10 13:13:00',144),(145,'220110EDY376MA','2022-01-10 13:41:00',145),(146,'220110EF05927N','2022-01-10 13:59:00',146),(147,'220110EF6MBBUY','2022-01-10 14:02:00',147),(148,'220110EGBR3QDR','2022-01-10 14:24:00',148),(149,'220110EJ3GWCY3','2022-01-10 14:55:00',149),(150,'220110F4GBUNSG','2022-01-10 20:24:00',150),(151,'220110FC6FYG02','2022-01-10 22:41:00',151),(152,'220111G5YYU8UY','2022-01-11 06:23:00',152),(153,'220111G714JA5S','2022-01-11 06:43:00',153),(154,'220111G7AQM8MG','2022-01-11 06:47:00',154),(155,'220111G9DCPCVT','2022-01-11 07:24:00',155),(156,'220111GAA8YB24','2022-01-11 07:40:00',156),(157,'220111GDFHQETW','2022-01-11 08:37:00',157),(158,'220111GE75U14H','2022-01-11 08:37:00',158),(159,'220111GGWKF9QN','2022-01-11 09:39:00',159),(160,'220111GKGT9W7P','2022-01-11 10:25:00',160),(161,'220111GVNTTY84','2022-01-11 13:09:00',161),(162,'220111GYRBTUWH','2022-01-11 14:04:00',162),(163,'220111H1F71NW4','2022-01-11 14:35:00',163),(164,'220112HXK9BXPQ','2022-01-11 23:16:00',164),(165,'220112JUEQV2V6','2022-01-12 07:52:00',165),(166,'220112JW0JKRCR','2022-01-12 08:21:00',166),(167,'220112JX3YK7S9','2022-01-12 08:40:00',167),(168,'220112JXSY8BN5','2022-01-12 08:52:00',168),(169,'220112JYBX9G5S','2022-01-12 09:02:00',169),(170,'220112K12VQNYY','2022-01-12 09:33:00',170),(171,'220112K17W3HFA','2022-01-12 09:36:00',171),(172,'220112K1DGJ7MB','2022-01-12 09:39:00',172),(173,'220112K8SWT08A','2022-01-12 11:51:00',173),(174,'220112KAH0DDKS','2022-01-12 12:22:00',174),(175,'220112KEMGQNGS','2022-01-12 13:36:00',175),(176,'220113N2TG35V8','2022-01-13 05:10:00',176),(177,'220113N8GBFGVR','2022-01-13 06:52:00',177),(178,'220113NB241HPV','2022-01-13 07:37:00',178),(179,'220113ND6A58C6','2022-01-13 08:15:00',179),(180,'220113NDS9T57K','2022-01-13 08:27:00',180),(181,'220113NETYQK38','2022-01-13 08:45:00',181),(182,'220113NF69MY2A','2022-01-13 08:51:00',182),(183,'220113NU5F3QR3','2022-01-13 12:27:00',183),(184,'220113NUAAWXE5','2022-01-13 12:29:00',184),(185,'220113P0839191','2022-01-13 13:56:00',185),(186,'220113P0BPNYBJ','2022-01-13 13:58:00',186),(187,'220113P19ECXXU','2022-01-13 14:15:00',187),(188,'220113PHW69PJ9','2022-01-13 19:13:00',188),(189,'220113PNAQ1DS7','2022-01-13 20:14:00',189),(190,'220114QT98MSAP','2022-01-14 07:15:00',190),(191,'220114QUBNTUC7','2022-01-14 07:34:00',191),(192,'220114QWQ447PC','2022-01-14 08:17:00',192),(193,'220114R0DDYCX6','2022-01-14 09:04:00',193),(194,'220114R3MSYRCR','2022-01-14 10:02:00',194),(195,'220114R3TTKY76','2022-01-14 10:06:00',195),(196,'220114R4PFQ4TW','2022-01-14 10:21:00',196),(197,'220114R8UNU4B9','2022-01-14 11:36:00',197),(198,'220114SEGQNSJM','2022-01-14 22:50:00',198),(199,'220115T894R87C','2022-01-14 22:50:00',199),(200,'220115T8EFMYVK','2022-01-15 07:14:00',200),(201,'220115TAR08B4X','2022-01-15 07:15:00',201),(202,'220115TDKVJVMV','2022-01-15 08:06:00',202),(203,'220115TEX8MRHW','2022-01-15 08:30:00',203),(204,'220115TH4S4FYB','2022-01-15 09:11:00',204),(205,'220115TNPAKUSG','2022-01-15 10:31:00',205),(206,'220116V8F9RMND','2022-01-15 10:31:00',206),(207,'220116V8WV2XD4','2022-01-16 06:12:00',207),(208,'220116VYMYRQG1','2022-01-16 08:34:00',208),(209,'22011600YBQY1N','2022-01-16 09:57:00',209),(210,'220116044XJNUC','2022-01-16 10:54:00',210),(211,'22011608S1BTQC','2022-01-16 12:17:00',211),(212,'2201160BHFUA21','2022-01-16 13:07:00',212),(213,'2201160E6RM141','2022-01-16 13:54:00',213),(214,'2201160F1Y2QYK','2022-01-16 14:09:00',214),(215,'2201160GEPADQN','2022-01-16 14:36:00',215),(216,'2201171DR8EKR2','2022-01-16 23:19:00',216),(217,'2201171G840SSK','2022-01-17 00:04:00',217),(218,'2201171PJ12VSF','2022-01-17 02:30:00',218),(219,'220117279FT48A','2022-01-17 06:56:00',219),(220,'22011727KRS99C','2022-01-17 07:01:00',220),(221,'2201172DCVUSK8','2022-01-17 08:45:00',221),(222,'2201172DMFJKW9','2022-01-17 08:49:00',222),(223,'2201172F4A2H9H','2022-01-17 09:16:00',223),(224,'2201172JW57E9H','2022-01-17 10:23:00',224),(225,'2201172NRH4YMX','2022-01-17 11:15:00',225),(226,'2201172SM56KKH','2022-01-17 12:24:00',226),(227,'2201172TF4R44J','2022-01-17 12:39:00',227),(228,'2201172U42E0H7','2022-01-17 12:39:00',228),(229,'2201172VQRC4Q6','2022-01-17 13:19:00',229),(230,'2201172WKRJ6GE','2022-01-17 13:35:00',230),(231,'2201172X777D9X','2022-01-17 13:46:00',231),(232,'220117327JT20N','2022-01-17 14:58:00',232),(233,'2201173DRJ46YF','2022-01-17 18:24:00',233),(234,'2201173N2A45Y0','2022-01-17 20:35:00',234),(235,'2201173Q88EFHV','2022-01-17 21:15:00',235),(236,'2201173U30B5UU','2022-01-17 22:23:00',236),(237,'2201184KGHB7VA','2022-01-18 05:40:00',237),(238,'220118560UH58V','2022-01-18 05:40:00',238),(239,'22011856JH3TB6','2022-01-18 11:21:00',239),(240,'22011856K4FMRW','2022-01-18 11:21:00',240),(241,'22011859DH4BHM','2022-01-18 12:12:00',241),(242,'2201185CY43H2V','2022-01-18 13:16:00',242),(243,'2201185FX6JB9W','2022-01-18 13:16:00',243),(244,'2201185G8UXWCH','2022-01-18 14:15:00',244),(245,'2201185HQER1TM','2022-01-18 14:40:00',245),(246,'2201185PVY4J9X','2022-01-18 16:44:00',246),(247,'2201185R9M38A0','2022-01-18 16:38:00',247),(248,'2201197BTGMY02','2022-01-19 08:01:00',248),(249,'2201197G09HC90','2022-01-19 09:15:00',249),(250,'2201197JT71T6Y','2022-01-19 10:05:00',250),(251,'2201197M4N234D','2022-01-19 10:29:00',251),(252,'2201197MGGEG3W','2022-01-19 10:36:00',252),(253,'2201197MGTVVK2','2022-01-19 10:36:00',253),(254,'2201197R3RR58X','2022-01-19 11:40:00',254),(255,'2201197VWCD579','2022-01-19 13:06:00',255),(256,'22011983KKUV04','2022-01-19 15:06:00',256),(257,'2201198N6FJ8R8','2022-01-19 20:20:00',257),(258,'2201198Q0A4B9Y','2022-01-19 20:53:00',258),(259,'22012092ET2VWT','2022-01-20 00:18:00',259),(260,'2201209TDRUMAX','2022-01-20 07:31:00',260),(261,'2201209W48RS6G','2022-01-20 08:15:00',261),(262,'220120A1EMF1VH','2022-01-20 09:36:00',262),(263,'220120A1SCW3J8','2022-01-20 09:39:00',263),(264,'220120A21QENKC','2022-01-20 09:43:00',264),(265,'220120ABE7UQG9','2022-01-20 12:32:00',265),(266,'220120AJHACW4D','2022-01-20 14:39:00',266),(267,'220121BN6YEHW7','2022-01-21 01:00:00',267),(268,'220121CJRQKX17','2022-01-21 09:49:00',268),(269,'220121CNCVKWKK','2022-01-21 10:35:00',269),(270,'220121CPW228VT','2022-01-21 11:02:00',270),(271,'220121CQYR2Q7T','2022-01-21 11:22:00',271),(272,'220121CRVAECQ6','2022-01-21 11:37:00',272);
/*!40000 ALTER TABLE `penjualan` ENABLE KEYS */;
UNLOCK TABLES;

--
-- Table structure for table `penjualan_barang`
--

DROP TABLE IF EXISTS `penjualan_barang`;
/*!40101 SET @saved_cs_client     = @@character_set_client */;
/*!40101 SET character_set_client = utf8 */;
CREATE TABLE `penjualan_barang` (
  `id` bigint(20) NOT NULL AUTO_INCREMENT,
  `penjualan_id` bigint(20) DEFAULT NULL,
  `barang_id` bigint(20) DEFAULT NULL,
  `jumlah_barang` int(11) DEFAULT NULL,
  PRIMARY KEY (`id`),
  KEY `penjualan_barang_barang_id_fk` (`barang_id`),
  KEY `penjualan_barang_penjualan_id_fk` (`penjualan_id`),
  CONSTRAINT `penjualan_barang_barang_id_fk` FOREIGN KEY (`barang_id`) REFERENCES `barang` (`id`) ON DELETE CASCADE ON UPDATE CASCADE,
  CONSTRAINT `penjualan_barang_penjualan_id_fk` FOREIGN KEY (`penjualan_id`) REFERENCES `penjualan` (`id`) ON DELETE CASCADE ON UPDATE CASCADE
) ENGINE=InnoDB AUTO_INCREMENT=1161 DEFAULT CHARSET=utf8mb4 COLLATE=utf8mb4_general_ci;
/*!40101 SET character_set_client = @saved_cs_client */;

--
-- Dumping data for table `penjualan_barang`
--

LOCK TABLES `penjualan_barang` WRITE;
/*!40000 ALTER TABLE `penjualan_barang` DISABLE KEYS */;
INSERT INTO `penjualan_barang` (`id`, `penjualan_id`, `barang_id`, `jumlah_barang`) VALUES (28,11,1,2),(29,11,44,2),(30,11,10,1),(31,11,115,1),(32,11,144,1),(33,11,9,1),(34,12,2,4),(35,13,3,1),(36,13,16,1),(37,13,88,2),(38,14,4,1),(39,14,21,1),(40,15,5,1),(41,15,59,1),(42,15,9,2),(43,14,4,1),(44,14,21,1),(45,16,6,1),(46,17,3,3),(47,18,7,1),(48,18,9,1),(49,19,3,3),(50,20,9,4),(51,21,10,1),(52,21,11,1),(53,21,12,1),(54,21,13,1),(55,21,9,1),(56,22,5,2),(57,23,14,3),(58,23,11,10),(59,23,9,12),(60,24,3,1),(61,24,15,1),(62,25,5,3),(63,25,16,2),(64,26,16,1),(65,26,6,2),(66,26,6,1),(67,26,18,1),(68,26,19,1),(69,27,20,2),(70,27,5,15),(71,27,21,2),(72,28,22,5),(73,28,21,1),(74,28,23,3),(75,29,11,1),(76,29,24,1),(77,29,25,1),(78,29,9,2),(79,29,16,2),(80,30,23,3),(81,30,6,1),(82,30,26,1),(83,30,27,1),(84,30,28,2),(85,30,29,1),(86,31,22,2),(87,31,30,1),(88,32,6,1),(89,32,31,2),(90,33,14,1),(91,33,9,3),(92,34,16,1),(93,34,32,1),(94,34,31,1),(95,34,11,2),(96,35,20,1),(97,35,34,1),(98,35,35,1),(99,35,36,1),(100,35,37,1),(101,36,20,1),(102,36,5,1),(103,36,3,1),(104,36,9,1),(105,37,38,1),(106,37,5,1),(107,37,39,1),(108,37,40,1),(109,37,23,1),(110,38,5,1),(111,38,31,1),(112,38,40,1),(113,39,5,2),(114,39,7,1),(115,39,41,2),(116,40,6,1),(117,40,6,1),(118,41,6,1),(119,41,42,1),(120,41,43,1),(121,41,7,1),(122,41,14,1),(123,41,18,1),(124,41,28,1),(125,42,3,1),(126,42,3,1),(127,42,3,1),(128,42,44,1),(129,42,45,1),(130,42,10,3),(131,42,21,1),(132,42,42,1),(133,42,14,1),(134,43,5,1),(135,43,46,1),(136,43,29,2),(137,44,5,1),(138,44,3,3),(139,44,47,1),(140,44,43,1),(141,44,48,1),(142,45,3,1),(143,46,6,2),(144,46,40,2),(145,47,30,16),(146,25,5,3),(147,25,16,1),(148,48,21,2),(149,49,44,2),(150,49,10,1),(151,49,32,1),(152,50,7,1),(153,50,41,1),(154,50,28,1),(155,51,49,1),(156,51,50,1),(157,51,50,1),(158,52,20,2),(159,52,40,1),(160,53,51,1),(161,53,44,2),(162,53,25,2),(163,54,10,8),(164,55,4,1),(165,55,54,4),(166,55,9,4),(167,56,40,1),(168,56,55,1),(169,57,20,4),(170,57,38,4),(171,57,5,5),(172,57,49,5),(173,57,41,4),(174,58,6,1),(175,58,56,1),(176,58,57,2),(177,59,58,20),(178,60,5,3),(179,60,59,3),(180,61,39,1),(181,61,45,1),(182,61,10,1),(183,61,60,1),(184,61,40,1),(185,62,59,1),(186,62,46,1),(187,62,55,1),(188,62,25,1),(189,63,4,1),(190,63,62,1),(191,64,43,1),(192,64,32,1),(193,64,40,1),(194,64,55,1),(195,65,4,1),(196,65,20,1),(197,65,38,1),(198,65,5,1),(199,66,3,1),(200,66,40,1),(201,66,63,1),(202,66,18,1),(203,66,41,1),(204,67,21,1),(205,67,19,1),(206,68,42,1),(207,68,43,1),(208,68,25,1),(209,68,30,1),(210,69,6,2),(211,69,65,1),(212,70,58,1),(213,71,20,3),(214,71,6,1),(215,72,38,2),(216,72,5,2),(217,72,60,3),(218,72,23,1),(219,72,6,5),(220,73,3,1),(221,73,66,2),(222,73,16,1),(223,73,67,4),(224,73,6,2),(225,73,39,1),(226,73,7,1),(227,73,69,1),(228,73,9,2),(229,74,1,1),(230,74,70,1),(231,74,30,1),(232,25,5,2),(233,25,16,3),(234,75,43,1),(235,75,14,2),(236,75,40,1),(237,76,22,2),(238,76,72,1),(239,76,60,1),(240,76,73,1),(241,76,57,2),(242,76,29,1),(243,77,74,10),(244,77,45,4),(245,78,57,10),(246,79,22,20),(247,80,16,1),(248,80,42,1),(249,80,28,1),(250,69,31,2),(251,81,5,1),(252,81,16,1),(253,81,39,1),(254,81,75,1),(255,81,54,1),(256,81,25,1),(257,12,2,4),(258,82,7,1),(259,82,40,1),(260,83,5,1),(261,83,7,1),(262,83,15,1),(263,83,41,2),(264,84,76,1),(265,84,49,1),(266,85,77,2),(267,85,42,2),(268,85,26,1),(269,84,76,2),(270,84,49,1),(271,86,20,1),(272,86,22,3),(273,86,49,1),(274,87,20,1),(275,87,5,2),(276,87,16,1),(277,87,59,1),(278,87,23,1),(279,87,19,1),(280,87,9,1),(281,88,3,1),(282,88,40,1),(283,88,19,1),(284,88,28,1),(285,88,29,1),(286,89,4,2),(287,89,3,5),(288,90,70,1),(289,90,9,1),(290,91,78,1),(291,91,43,2),(292,91,40,1),(293,91,23,1),(294,91,79,2),(295,91,80,1),(296,91,55,1),(297,92,21,5),(298,93,2,2),(299,93,2,2),(300,94,3,4),(301,95,21,3),(302,95,21,2),(303,79,22,10),(304,92,21,3),(305,96,22,1),(306,96,40,1),(307,96,9,2),(308,97,22,3),(309,97,21,1),(310,97,31,1),(311,97,11,1),(312,97,55,1),(313,97,29,1),(314,98,9,3),(315,99,5,1),(316,99,44,1),(317,99,19,1),(318,55,4,1),(319,55,54,1),(320,55,55,1),(321,55,82,1),(322,55,9,4),(323,100,23,2),(324,101,7,1),(325,101,55,3),(326,101,9,7),(327,102,58,1),(328,103,78,1),(329,103,20,1),(330,103,67,1),(331,103,31,1),(332,103,82,1),(333,103,45,1),(334,104,82,1),(335,104,44,2),(336,104,13,3),(337,104,84,1),(338,105,16,1),(339,105,41,1),(340,105,13,2),(341,105,25,1),(342,106,5,1),(343,106,3,1),(344,106,15,1),(345,106,54,2),(346,107,5,2),(347,25,5,3),(348,25,16,2),(349,108,4,1),(350,108,14,2),(351,108,40,1),(352,108,11,2),(353,108,9,2),(354,109,5,1),(355,109,10,2),(356,109,60,1),(357,109,15,1),(358,109,57,2),(359,109,11,1),(360,109,9,1),(361,110,5,1),(362,110,42,1),(363,110,7,1),(364,110,25,1),(365,111,4,2),(366,112,66,1),(367,112,44,2),(368,112,10,1),(369,112,14,1),(370,112,41,1),(371,12,76,2),(372,113,22,1),(373,113,88,1),(374,113,41,1),(375,113,84,1),(376,113,82,1),(377,114,4,2),(378,115,49,1),(379,115,12,2),(380,116,32,1),(381,116,89,1),(382,116,27,1),(383,116,90,1),(384,116,9,2),(385,117,31,2),(386,118,5,2),(387,118,3,2),(388,118,28,2),(389,119,20,3),(390,120,6,1),(391,120,40,1),(392,121,4,1),(393,122,39,1),(394,122,7,1),(395,122,40,1),(396,122,79,1),(397,12,76,1),(398,25,5,4),(399,123,3,2),(400,123,67,2),(401,124,4,2),(402,54,3,3),(403,54,59,2),(404,54,6,1),(405,54,10,8),(406,54,28,1),(407,125,20,1),(408,125,1,1),(409,125,10,3),(410,125,91,1),(411,125,28,1),(412,126,4,2),(413,126,3,2),(414,126,44,1),(415,127,4,1),(416,127,22,2),(417,127,5,2),(418,27,59,2),(419,27,6,2),(420,27,21,2),(421,128,44,1),(422,128,82,1),(423,60,5,3),(424,129,76,1),(425,129,14,1),(426,129,41,1),(427,130,5,1),(428,130,3,1),(429,130,76,1),(430,130,11,1),(431,131,59,1),(432,132,38,1),(433,132,5,2),(434,132,44,2),(435,132,6,1),(436,132,10,2),(437,132,62,1),(438,132,65,1),(439,132,9,4),(440,133,4,2),(441,133,5,2),(442,134,5,2),(443,134,16,1),(444,134,21,1),(445,134,34,1),(446,134,7,3),(447,134,92,1),(448,134,31,1),(449,134,9,2),(450,135,44,3),(451,135,9,2),(452,136,22,2),(453,136,5,3),(454,136,6,1),(455,136,60,1),(456,136,7,1),(457,136,31,2),(458,136,91,1),(459,136,25,1),(460,136,82,1),(461,136,9,2),(462,137,4,2),(463,137,5,2),(464,138,22,1),(465,138,1,1),(466,138,10,1),(467,138,40,1),(468,23,14,3),(469,23,11,6),(470,23,9,12),(471,139,5,8),(472,140,3,3),(473,140,19,1),(474,141,59,1),(475,73,3,3),(476,73,49,7),(477,73,6,1),(478,73,72,2),(479,73,14,1),(480,73,18,1),(481,73,9,2),(482,73,93,1),(483,142,44,1),(484,142,43,1),(485,55,58,1),(486,55,54,4),(487,55,18,3),(488,143,94,1),(489,143,95,1),(490,143,96,1),(491,144,51,1),(492,144,63,1),(493,145,3,1),(494,145,10,1),(495,145,42,1),(496,145,41,1),(497,146,5,1),(498,146,44,1),(499,146,21,1),(500,146,47,1),(501,25,5,3),(502,25,16,2),(503,147,70,1),(504,147,97,1),(505,147,98,1),(506,147,9,1),(507,147,100,1),(508,148,67,2),(509,148,101,1),(510,148,92,1),(511,148,70,1),(512,148,41,1),(513,148,98,1),(514,148,55,1),(515,41,20,2),(516,41,5,2),(517,41,10,1),(518,41,92,1),(519,41,55,1),(520,39,3,3),(521,39,57,1),(522,111,4,1),(523,149,44,2),(524,149,31,1),(525,150,40,1),(526,151,6,4),(527,151,30,1),(528,152,5,1),(529,32,60,1),(530,32,31,1),(531,153,20,1),(532,153,5,1),(533,153,44,2),(534,153,39,1),(535,153,31,1),(536,153,40,1),(537,153,18,2),(538,153,28,2),(539,153,9,4),(540,154,4,1),(541,154,49,1),(542,154,39,1),(543,154,26,1),(544,154,35,1),(545,154,40,1),(546,154,11,1),(547,154,12,1),(548,154,29,1),(549,154,9,1),(550,155,5,1),(551,155,41,1),(552,155,28,1),(553,126,22,9),(554,126,5,1),(555,156,57,6),(556,46,16,1),(557,46,59,2),(558,46,40,2),(559,157,3,1),(560,157,50,1),(561,157,31,1),(562,157,40,1),(563,157,11,1),(564,157,41,1),(565,31,22,1),(566,31,16,1),(567,31,63,1),(568,31,30,1),(569,158,20,1),(570,158,22,1),(571,158,44,2),(572,158,10,1),(573,158,9,1),(574,159,20,1),(575,159,9,2),(576,160,20,1),(577,160,6,1),(578,160,7,1),(579,160,11,1),(580,140,3,4),(581,140,12,1),(582,161,5,1),(583,161,66,2),(584,161,59,1),(585,161,14,1),(586,161,31,1),(587,161,25,1),(588,140,3,4),(589,140,31,1),(590,140,12,1),(591,140,25,1),(592,162,67,5),(593,162,72,1),(594,162,14,1),(595,163,5,1),(596,163,10,1),(597,163,60,1),(598,163,32,1),(599,163,41,1),(600,164,3,1),(601,164,49,1),(602,164,72,1),(603,164,3,1),(604,164,49,1),(605,164,72,1),(606,165,45,1),(607,165,14,1),(608,165,28,1),(609,166,76,1),(610,167,3,1),(611,167,115,1),(612,167,42,1),(613,167,7,1),(614,167,9,1),(615,168,22,3),(616,25,5,3),(617,25,16,2),(618,111,4,1),(619,111,4,1),(620,55,4,1),(621,55,18,4),(622,55,55,2),(623,55,82,1),(624,169,70,1),(625,169,91,1),(626,59,58,20),(627,86,20,1),(628,86,22,3),(629,86,49,1),(630,170,38,2),(631,170,5,2),(632,170,101,1),(633,170,34,1),(634,170,97,1),(635,170,31,1),(636,170,37,1),(637,171,4,1),(638,171,42,1),(639,171,50,1),(640,171,11,1),(641,172,42,1),(642,173,3,1),(643,173,32,1),(644,173,28,1),(645,174,1,2),(646,174,44,2),(647,174,10,2),(648,174,31,1),(649,175,59,1),(650,175,6,1),(651,176,21,1),(652,176,50,1),(653,176,92,2),(654,176,75,2),(655,176,122,1),(656,176,28,1),(657,176,123,1),(658,67,19,1),(659,67,82,1),(660,124,4,4),(661,62,10,1),(662,62,47,1),(663,62,92,1),(664,62,55,1),(665,177,16,3),(666,178,4,1),(667,178,5,1),(668,178,3,2),(669,178,21,2),(670,178,115,1),(671,178,60,1),(672,178,125,2),(673,178,126,2),(674,178,55,2),(675,179,7,1),(676,179,31,1),(677,179,24,1),(678,179,25,1),(679,180,44,1),(680,180,13,1),(681,181,51,1),(682,181,15,1),(683,181,96,2),(684,181,12,1),(685,182,5,1),(686,182,21,1),(687,182,92,1),(688,182,13,1),(689,183,22,10),(690,184,44,6),(691,25,5,3),(692,25,16,2),(693,126,5,1),(694,185,20,1),(695,185,60,1),(696,185,31,1),(697,97,22,2),(698,97,67,2),(699,97,34,1),(700,97,95,1),(701,97,11,1),(702,60,5,6),(703,60,16,1),(704,60,59,4),(705,31,7,1),(706,163,5,1),(707,163,21,1),(708,163,60,1),(709,163,32,1),(710,163,7,1),(711,111,4,1),(712,186,22,1),(713,186,46,1),(714,187,67,2),(715,187,26,1),(716,187,12,1),(717,188,10,1),(718,188,32,2),(719,188,25,1),(720,188,28,1),(721,189,4,5),(722,189,18,12),(723,190,4,3),(724,190,5,1),(725,191,41,1),(726,183,22,10),(727,192,22,2),(728,192,3,1),(729,192,7,1),(730,12,76,1),(731,12,2,2),(732,193,22,2),(733,194,66,2),(734,194,10,1),(735,194,21,1),(736,194,18,1),(737,194,11,1),(738,146,44,3),(739,195,3,1),(740,195,49,1),(741,195,72,1),(742,195,92,1),(743,195,31,1),(744,196,5,1),(745,196,13,2),(746,197,5,1),(747,197,59,1),(748,25,5,3),(749,25,16,2),(750,25,42,1),(751,198,22,3),(752,198,128,2),(753,198,128,1),(754,199,44,1),(755,199,10,1),(756,199,21,1),(757,200,78,1),(758,200,40,2),(759,200,29,1),(760,175,59,2),(761,175,6,2),(762,144,51,1),(763,111,4,1),(764,201,4,1),(765,201,51,1),(766,201,2,1),(767,201,21,1),(768,201,72,1),(769,201,73,1),(770,201,92,1),(771,201,97,1),(772,201,40,1),(773,201,65,1),(774,201,11,2),(775,201,129,1),(776,201,100,1),(777,202,63,1),(778,202,19,1),(779,203,20,1),(780,203,22,1),(781,203,115,2),(782,203,35,1),(783,203,57,1),(784,203,18,1),(785,203,25,1),(786,204,76,2),(787,205,21,1),(788,205,26,1),(789,205,46,1),(790,205,23,1),(791,205,55,1),(792,206,38,1),(793,207,49,1),(794,207,12,1),(795,207,28,1),(796,54,10,8),(797,208,60,1),(798,208,18,1),(799,208,55,1),(800,208,28,2),(801,209,10,2),(802,210,7,1),(803,210,31,1),(804,210,25,1),(805,210,9,5),(806,23,14,2),(807,23,11,8),(808,23,9,8),(809,76,3,3),(810,76,1,1),(811,76,60,1),(812,76,25,1),(813,211,22,2),(814,211,115,2),(815,212,5,1),(816,212,3,1),(817,212,6,1),(818,212,46,1),(819,212,56,1),(820,212,28,1),(821,25,5,3),(822,25,16,2),(823,105,15,1),(824,105,95,1),(825,105,41,1),(826,60,5,3),(827,60,59,2),(828,46,59,4),(829,46,40,4),(830,137,4,1),(831,137,5,1),(832,213,22,1),(833,213,5,1),(834,213,32,1),(835,213,28,1),(836,214,44,1),(837,214,40,1),(838,214,55,1),(839,214,9,1),(840,215,4,3),(841,216,76,1),(842,216,72,1),(843,216,43,1),(844,216,11,1),(845,217,4,1),(846,217,133,1),(847,217,77,1),(848,218,39,1),(849,218,60,1),(850,218,27,1),(851,218,18,1),(852,218,91,1),(853,218,41,1),(854,218,12,2),(855,218,28,1),(856,218,9,2),(857,218,136,1),(858,218,93,1),(859,219,38,1),(860,219,5,1),(861,219,3,1),(862,219,35,1),(863,111,4,1),(864,111,20,1),(865,25,5,3),(866,25,16,2),(867,88,40,1),(868,88,25,1),(869,88,19,1),(870,88,28,1),(871,12,2,2),(872,18,7,1),(873,18,9,1),(874,62,6,1),(875,62,42,1),(876,220,78,1),(877,220,5,1),(878,220,66,1),(879,220,49,1),(880,220,59,1),(881,220,26,1),(882,220,40,1),(883,220,11,1),(884,220,93,1),(885,97,22,3),(886,97,126,1),(887,97,95,1),(888,97,129,1),(889,221,39,1),(890,221,122,1),(891,221,9,4),(892,152,5,1),(893,222,20,1),(894,222,22,1),(895,222,5,1),(896,223,5,1),(897,223,49,2),(898,224,22,2),(899,178,3,4),(900,178,138,1),(901,225,3,1),(902,226,22,2),(903,226,5,1),(904,227,3,2),(905,227,44,1),(906,227,73,1),(907,53,44,2),(908,228,44,2),(909,228,45,1),(910,228,7,1),(911,25,5,3),(912,25,16,2),(913,229,3,1),(914,229,139,1),(915,229,82,1),(916,98,9,3),(917,163,5,1),(918,163,21,1),(919,163,60,1),(920,163,14,1),(921,230,59,4),(922,231,22,3),(923,231,32,2),(924,231,56,1),(925,89,3,3),(926,232,76,1),(927,232,44,1),(928,232,10,1),(929,232,41,1),(930,232,25,1),(931,233,5,1),(932,233,66,1),(933,233,21,1),(934,233,40,1),(935,233,11,1),(936,25,5,2),(937,25,16,3),(938,143,3,1),(939,47,10,10),(940,201,22,5),(941,201,12,1),(942,234,5,1),(943,234,44,1),(944,234,10,1),(945,234,35,1),(946,234,9,1),(947,235,5,6),(948,235,49,1),(949,235,26,1),(950,235,55,2),(951,235,123,1),(952,235,100,1),(953,236,20,1),(954,236,22,1),(955,236,44,1),(956,236,10,1),(957,86,20,1),(958,86,22,3),(959,86,49,1),(960,237,65,1),(961,238,4,1),(962,238,65,1),(963,239,93,1),(964,240,6,6),(965,240,76,1),(966,240,26,1),(967,240,11,1),(968,241,22,1),(969,241,47,1),(970,241,41,1),(971,241,22,1),(972,241,47,1),(973,241,41,1),(974,241,47,1),(975,241,41,1),(976,242,32,1),(977,242,62,1),(978,242,31,1),(979,242,79,1),(980,242,9,2),(981,242,136,1),(982,239,93,1),(983,74,1,1),(984,74,30,2),(985,243,76,2),(986,243,44,1),(987,243,47,1),(988,243,72,1),(989,243,14,1),(990,244,7,3),(991,245,3,5),(992,245,97,1),(993,245,25,1),(994,246,58,1),(995,246,6,1),(996,246,13,2),(997,133,4,4),(998,133,5,3),(999,247,45,3),(1000,59,58,20),(1001,248,67,2),(1002,248,73,1),(1003,248,14,1),(1004,248,25,1),(1005,248,84,1),(1006,248,9,2),(1007,180,44,1),(1008,180,13,1),(1009,180,28,1),(1010,180,9,1),(1011,55,58,1),(1012,55,55,1),(1013,55,82,1),(1014,55,9,8),(1015,55,141,1),(1016,249,3,1),(1017,249,6,1),(1018,249,21,1),(1019,249,7,1),(1020,249,92,1),(1021,249,55,1),(1022,250,73,1),(1023,250,41,1),(1024,173,44,1),(1025,173,42,1),(1026,173,28,1),(1027,251,14,1),(1028,251,11,1),(1029,251,41,1),(1030,182,5,1),(1031,182,47,1),(1032,182,92,1),(1033,182,95,1),(1034,182,97,1),(1035,252,22,2),(1036,252,65,1),(1037,253,6,1),(1038,253,7,1),(1039,36,20,2),(1040,36,5,1),(1041,36,3,2),(1042,36,43,1),(1043,36,129,1),(1044,254,21,1),(1045,254,11,1),(1046,254,80,1),(1047,255,49,2),(1048,255,50,1),(1049,255,18,1),(1050,256,4,1),(1051,111,4,1),(1052,80,20,1),(1053,80,41,1),(1054,80,84,1),(1055,25,5,2),(1056,25,16,2),(1057,137,4,2),(1058,137,19,1),(1059,257,43,1),(1060,257,32,1),(1061,257,18,1),(1062,257,9,3),(1063,258,22,1),(1064,258,49,1),(1065,258,39,1),(1066,258,28,1),(1067,97,22,1),(1068,97,21,1),(1069,97,129,1),(1070,259,21,1),(1071,260,4,1),(1072,260,26,1),(1073,260,19,1),(1074,145,16,1),(1075,145,10,1),(1076,145,42,1),(1077,145,41,1),(1078,25,5,2),(1079,25,16,2),(1080,143,5,1),(1081,143,3,1),(1082,143,3,1),(1083,261,22,1),(1084,261,5,1),(1085,261,3,1),(1086,261,10,2),(1087,261,60,1),(1088,261,92,2),(1089,261,14,1),(1090,261,15,1),(1091,73,5,1),(1092,73,66,3),(1093,73,16,5),(1094,73,49,5),(1095,73,6,1),(1096,73,14,1),(1097,73,31,2),(1098,73,5,1),(1099,73,66,3),(1100,73,16,5),(1101,73,49,5),(1102,73,6,1),(1103,73,14,1),(1104,73,31,2),(1105,262,11,2),(1106,263,42,3),(1107,263,79,1),(1108,230,59,4),(1109,264,23,3),(1110,264,11,5),(1111,265,5,4),(1112,265,3,1),(1113,265,13,1),(1114,121,4,1),(1115,266,76,1),(1116,266,44,1),(1117,266,13,1),(1118,266,28,2),(1119,266,136,1),(1120,208,49,1),(1121,208,6,1),(1122,208,45,1),(1123,208,10,1),(1124,208,60,1),(1125,208,55,2),(1126,208,28,2),(1127,267,4,1),(1128,267,20,1),(1129,268,5,1),(1130,268,3,3),(1131,268,49,1),(1132,268,44,2),(1133,268,14,2),(1134,109,70,1),(1135,109,11,1),(1136,109,9,6),(1137,269,31,1),(1138,269,25,1),(1139,66,3,1),(1140,66,70,1),(1141,66,63,1),(1142,66,41,1),(1143,190,4,3),(1144,190,5,1),(1145,270,76,1),(1146,270,49,1),(1147,270,28,1),(1148,270,9,1),(1149,271,51,1),(1150,271,11,1),(1151,105,16,1),(1152,105,41,1),(1153,105,13,2),(1154,105,25,1),(1155,272,18,1),(1156,272,28,1),(1157,110,5,1),(1158,110,10,1),(1159,110,21,1),(1160,110,129,1);
/*!40000 ALTER TABLE `penjualan_barang` ENABLE KEYS */;
UNLOCK TABLES;

--
-- Table structure for table `suplier`
--

DROP TABLE IF EXISTS `suplier`;
/*!40101 SET @saved_cs_client     = @@character_set_client */;
/*!40101 SET character_set_client = utf8 */;
CREATE TABLE `suplier` (
  `id` bigint(20) NOT NULL AUTO_INCREMENT,
  `kode` varchar(255) DEFAULT NULL,
  `nama` varchar(255) DEFAULT NULL,
  `alamat` varchar(255) DEFAULT NULL,
  `nomor_telp` varchar(255) DEFAULT NULL,
  `email` varchar(255) DEFAULT NULL,
  PRIMARY KEY (`id`)
) ENGINE=InnoDB AUTO_INCREMENT=29 DEFAULT CHARSET=utf8mb4 COLLATE=utf8mb4_general_ci;
/*!40101 SET character_set_client = @saved_cs_client */;

--
-- Dumping data for table `suplier`
--

LOCK TABLES `suplier` WRITE;
/*!40000 ALTER TABLE `suplier` DISABLE KEYS */;
INSERT INTO `suplier` (`id`, `kode`, `nama`, `alamat`, `nomor_telp`, `email`) VALUES (1,'SP1','PT.BERKAH SEJAHTERA','Jl.Ganceng Raya No.54','81209896153','Berkah1817@gmail.com'),(2,'SP2','PT.SURI NUSANTARA ','Jl.Kranggan No.32','81211206041','Suri2827@gmail.com'),(3,'SP3','PT.DUA PUTRA','Jl.Cipendawa No.9','85627084231','Dua3837@gmail.com'),(4,'SP4','PT.ELANG FROZEN','Jl.Kodau No.56','86723907850','Elang4847@gmail.com');
/*!40000 ALTER TABLE `suplier` ENABLE KEYS */;
UNLOCK TABLES;

--
-- Final view structure for view `inventory`
--

/*!50001 DROP VIEW IF EXISTS `inventory`*/;
/*!50001 SET @saved_cs_client          = @@character_set_client */;
/*!50001 SET @saved_cs_results         = @@character_set_results */;
/*!50001 SET @saved_col_connection     = @@collation_connection */;
/*!50001 SET character_set_client      = utf8mb4 */;
/*!50001 SET character_set_results     = utf8mb4 */;
/*!50001 SET collation_connection      = utf8mb4_general_ci */;
/*!50001 CREATE ALGORITHM=UNDEFINED */
/*!50013 DEFINER=`root`@`localhost` SQL SECURITY DEFINER */
/*!50001 VIEW `inventory` AS select `b`.`id` AS `barang_id`,ifnull((select sum(`pb`.`jumlah_barang`) AS `barang_masuk` from `pembelian_barang` `pb` where `pb`.`barang_id` = `b`.`id` group by `pb`.`barang_id`),0) AS `barang_masuk`,ifnull((select sum(`pm`.`jumlah_barang`) AS `barang_keluar` from `penjualan_barang` `pm` where `pm`.`barang_id` = `b`.`id` group by `pm`.`barang_id`),0) AS `barang_terjual`,ifnull((select sum(`pb`.`jumlah_barang`) AS `barang_masuk` from `pembelian_barang` `pb` where `pb`.`barang_id` = `b`.`id` group by `pb`.`barang_id`),0) - ifnull((select sum(`pm`.`jumlah_barang`) AS `barang_keluar` from `penjualan_barang` `pm` where `pm`.`barang_id` = `b`.`id` group by `pm`.`barang_id`),0) AS `barang_tersedia` from `barang` `b` */;
/*!50001 SET character_set_client      = @saved_cs_client */;
/*!50001 SET character_set_results     = @saved_cs_results */;
/*!50001 SET collation_connection      = @saved_col_connection */;
/*!40103 SET TIME_ZONE=@OLD_TIME_ZONE */;

/*!40101 SET SQL_MODE=@OLD_SQL_MODE */;
/*!40014 SET FOREIGN_KEY_CHECKS=@OLD_FOREIGN_KEY_CHECKS */;
/*!40014 SET UNIQUE_CHECKS=@OLD_UNIQUE_CHECKS */;
/*!40101 SET CHARACTER_SET_CLIENT=@OLD_CHARACTER_SET_CLIENT */;
/*!40101 SET CHARACTER_SET_RESULTS=@OLD_CHARACTER_SET_RESULTS */;
/*!40101 SET COLLATION_CONNECTION=@OLD_COLLATION_CONNECTION */;
/*!40111 SET SQL_NOTES=@OLD_SQL_NOTES */;

-- Dump completed on 2024-12-25 11:01:07
